year,rank,title,artist
1990,1,Hold On,Wilson Phillips
1990,2,It Must Have Been Love,Roxette
1990,3,Nothing Compares 2 U,Sinéad O'Connor
1990,4,Poison,Bell Biv DeVoe
1990,5,Vogue,Madonna
1990,6,Vision of Love,Mariah Carey
1990,7,Another Day in Paradise,Phil Collins
1990,8,Hold On,En Vogue
1990,9,Cradle of Love,Billy Idol
1990,10,Blaze of Glory,Jon Bon Jovi
1990,11,Do Me!,Bell Biv DeVoe
1990,12,How Am I Supposed to Live Without You,Michael Bolton
1990,13,Pump Up the Jam,Technotronic
1990,14,Opposites Attract,Paula Abdul
1990,15,Escapade,Janet Jackson
1990,16,All I Wanna Do Is Make Love to You,Heart
1990,17,Close to You,Maxi Priest
1990,18,Black Velvet,Alannah Myles
1990,19,Release Me,Wilson Phillips
1990,20,Don't Know Much,Linda RonstadtfeaturingAaron Neville
1990,21,All Around the World,Lisa Stansfield
1990,22,I Wanna Be Rich,Calloway
1990,23,Rub You the Right Way,Johnny Gill
1990,24,She Ain't Worth It,Glenn MedeirosfeaturingBobby Brown
1990,25,If Wishes Came True,Sweet Sensation
1990,26,The Power,Snap!
1990,27,(Can't Live Without Your) Love and Affection,Nelson
1990,28,Love Will Lead You Back,Taylor Dayne
1990,29,Don't Wanna Fall in Love,Jane Child
1990,30,Two to Make It Right,Seduction
1990,31,Sending All My Love,Linear
1990,32,Unskinny Bop,Poison
1990,33,Step by Step,New Kids on the Block
1990,34,Dangerous,Roxette
1990,35,We Didn't Start the Fire,Billy Joel
1990,36,I Don't Have the Heart,James Ingram
1990,37,Downtown Train,Rod Stewart
1990,38,Rhythm Nation,Janet Jackson
1990,39,I'll Be Your Everything,Tommy Page
1990,40,Roam,The B-52's
1990,41,Everything,Jody Watley
1990,42,Back to Life (However Do You Want Me),Soul II SoulfeaturingCaron Wheeler
1990,43,Here and Now,Luther Vandross
1990,44,Alright,Janet Jackson
1990,45,Ice Ice Baby,Vanilla Ice
1990,46,Blame It on the Rain,Milli Vanilli
1990,47,Have You Seen Her,MC Hammer
1990,48,With Every Beat of My Heart,Taylor Dayne
1990,49,Come Back to Me,Janet Jackson
1990,50,No More Lies,Michel'le
1990,51,Praying for Time,George Michael
1990,52,How Can We Be Lovers,Michael Bolton
1990,53,Do You Remember?,Phil Collins
1990,54,Ready or Not,After 7
1990,55,U Can't Touch This,MC Hammer
1990,56,I Wish It Would Rain Down,Phil Collins
1990,57,Just Between You and Me,Lou Gramm
1990,58,Something Happened on the Way to Heaven,Phil Collins
1990,59,Black Cat,Janet Jackson
1990,60,Can't Stop,After 7
1990,61,Janie's Got a Gun,Aerosmith
1990,62,The Humpty Dance,Digital Underground
1990,63,I'll Be Your Shelter,Taylor Dayne
1990,64,Free Fallin',Tom Petty
1990,65,Giving You the Benefit,Pebbles
1990,66,Enjoy the Silence,Depeche Mode
1990,67,Love Song,Tesla
1990,68,Price of Love,Bad English
1990,69,Girls Nite Out,Tyler Collins
1990,70,King of Wishful Thinking,Go West
1990,71,What Kind of Man Would I Be?,Chicago
1990,72,I Remember You,Skid Row
1990,73,Get Up! (Before the Night Is Over),TechnotronicfeaturingYa Kid K
1990,74,Here We Are,Gloria Estefan
1990,75,Epic,Faith No More
1990,76,Love Takes Time,Mariah Carey
1990,77,Just Like Jesse James,Cher
1990,78,Love Shack,The B-52's
1990,79,All or Nothing,Milli Vanilli
1990,80,Romeo,Dino
1990,81,Everybody Everybody,Black Box
1990,82,I Go to Extremes,Billy Joel
1990,83,Whip Appeal,Babyface
1990,84,Oh Girl,Paul Young
1990,85,C'mon and Get My Love,D MobwithCathy Dennis
1990,86,(It's Just) The Way That You Love Me,Paula Abdul
1990,87,We Can't Go Wrong,The Cover Girls
1990,88,When I'm Back on My Feet Again,Michael Bolton
1990,89,Make You Sweat,Keith Sweat
1990,90,This One's for the Children,New Kids on the Block
1990,91,What It Takes,Aerosmith
1990,92,Forever,Kiss
1990,93,Jerk Out,The Time
1990,94,Just a Friend,Biz Markie
1990,95,Whole Wide World,A'me Lorain
1990,96,Without You,Mötley Crüe
1990,97,Swing the Mood,Jive Bunny and the Mastermixers
1990,98,Thieves in the Temple,Prince
1990,99,Mentirosa,Mellow Man Ace
1990,100,Tic-Tac-Toe,Kyper
1991,1,(Everything I Do) I Do It for You,Bryan Adams
1991,2,I Wanna Sex You Up,Color Me Badd
1991,3,Gonna Make You Sweat (Everybody Dance Now),C+C Music Factory
1991,4,Rush Rush,Paula Abdul
1991,5,One More Try,Timmy T
1991,6,Unbelievable,EMF
1991,7,More Than Words,Extreme
1991,8,I Like the Way (The Kissing Game),Hi-Five
1991,9,The First Time,Surface
1991,10,Baby Baby,Amy Grant
1991,11,Motownphilly,Boyz II Men
1991,12,Because I Love You (The Postman Song),Stevie B
1991,13,Someday,Mariah Carey
1991,14,High Enough,Damn Yankees
1991,15,From a Distance,Bette Midler
1991,16,All the Man That I Need,Whitney Houston
1991,17,"Right Here, Right Now",Jesus Jones
1991,18,I Adore Mi Amor,Color Me Badd
1991,19,Love Will Never Do (Without You),Janet Jackson
1991,20,Good Vibrations,Marky Mark and the Funky BunchfeaturingLoleatta Holloway
1991,21,Justify My Love,Madonna
1991,22,Emotions,Mariah Carey
1991,23,Joyride,Roxette
1991,24,Romantic,Karyn White
1991,25,Hold You Tight,Tara Kemp
1991,26,I Don't Wanna Cry,Mariah Carey
1991,27,You're in Love,Wilson Phillips
1991,28,Every Heartbeat,Amy Grant
1991,29,Sensitivity,Ralph Tresvant
1991,30,Touch Me (All Night Long),Cathy Dennis
1991,31,I've Been Thinking About You,Londonbeat
1991,32,Do Anything,Natural Selection
1991,33,Losing My Religion,R.E.M.
1991,34,Coming Out of the Dark,Gloria Estefan
1991,35,It Ain't Over 'til It's Over,Lenny Kravitz
1991,36,Here We Go,C+C Music Factory
1991,37,Where Does My Heart Beat Now,Celine Dion
1991,38,Summertime,DJ Jazzy Jeff & The Fresh Prince
1991,39,Wind of Change,Scorpions
1991,40,P.A.S.S.I.O.N.,Rythm Syndicate
1991,41,The Promise of a New Day,Paula Abdul
1991,42,I'm Your Baby Tonight,Whitney Houston
1991,43,Love of a Lifetime,FireHouse
1991,44,Fading Like a Flower (Every Time You Leave),Roxette
1991,45,This House,Tracie Spencer
1991,46,Hole Hearted,Extreme
1991,47,Power of Love/Love Power,Luther Vandross
1991,48,Impulsive,Wilson Phillips
1991,49,Love Is a Wonderful Thing,Michael Bolton
1991,50,Rhythm of My Heart,Rod Stewart
1991,51,Things That Make You Go Hmmm...,C+C Music Factory
1991,52,I Touch Myself,Divinyls
1991,53,Tom's Diner,DNAfeaturingSuzanne Vega
1991,54,Iesha,Another Bad Creation
1991,55,Something to Talk About,Bonnie Raitt
1991,56,After the Rain,Nelson
1991,57,Play That Funky Music,Vanilla Ice
1991,58,Temptation,Corina
1991,59,Can't Stop This Thing We Started,Bryan Adams
1991,60,I Can't Wait Another Minute,Hi-Five
1991,61,3 a.m. Eternal,The KLF
1991,62,"Time, Love and Tenderness",Michael Bolton
1991,63,Sadeness (Part I),Enigma
1991,64,Around the Way Girl,LL Cool J
1991,65,I'll Be There,The Escape Club
1991,66,Cream,PrinceandThe New Power Generation
1991,67,Now That We Found Love,Heavy D & the Boyz
1991,68,Show Me the Way,Styx
1991,69,Love Takes Time,Mariah Carey
1991,70,Cry for Help,Rick Astley
1991,71,The Way You Do the Things You Do,UB40
1991,73,Signs,Tesla
1991,74,Too Many Walls,Cathy Dennis
1991,75,Crazy,Seal
1991,76,I'll Give All My Love to You,Keith Sweat
1991,77,Place in this World,Michael W. Smith
1991,78,Something to Believe In,Poison
1991,79,Wicked Game,Chris Isaak
1991,80,Get Here,Oleta Adams
1991,81,Round and Round,Tevin Campbell
1991,82,Silent Lucidity,Queensrÿche
1991,83,I'm Not in Love,Will to Power
1991,84,Piece of My Heart,Tara Kemp
1991,85,Real Real Real,Jesus Jones
1991,86,Everybody Plays the Fool,Aaron Neville
1991,87,Just Another Dream,Cathy Dennis
1991,88,Strike It Up,Black Box
1991,89,Rico Suave,Gerardo
1991,90,Disappear,INXS
1991,91,Groove Is in the Heart,Deee-Lite
1991,92,All This Time,Sting
1991,93,The One and Only,Chesney Hawkes
1991,94,O.P.P.,Naughty by Nature
1991,95,Freedom! '90,George Michael
1991,96,I Saw Red,Warrant
1991,97,Miles Away,Winger
1991,98,Do You Want Me,Salt-n-Pepa
1991,99,The Motown Song,Rod Stewart
1991,100,Shiny Happy People,R.E.M.
1992,1,End of the Road,Boyz II Men
1992,2,Baby Got Back,Sir Mix-a-Lot
1992,3,Jump,Kris Kross
1992,4,Save the Best for Last,Vanessa Williams
1992,5,Baby-Baby-Baby,TLC
1992,6,Tears in Heaven,Eric Clapton
1992,7,My Lovin' (You're Never Gonna Get It),En Vogue
1992,8,Under the Bridge,Red Hot Chili Peppers
1992,9,All 4 Love,Color Me Badd
1992,10,Just Another Day,Jon Secada
1992,11,I Love Your Smile,Shanice
1992,12,To Be with You,Mr. Big
1992,13,I'm Too Sexy,Right Said Fred
1992,14,Black or White,Michael Jackson
1992,15,Achy Breaky Heart,Billy Ray Cyrus
1992,16,I'll Be There,Mariah Carey
1992,17,November Rain,Guns N' Roses
1992,18,Life Is a Highway,Tom Cochrane
1992,19,Remember the Time,Michael Jackson
1992,20,Finally,CeCe Peniston
1992,21,This Used to Be My Playground,Madonna
1992,22,Sometimes Love Just Ain't Enough,Patty SmythandDon Henley
1992,23,Can't Let Go,Mariah Carey
1992,24,Jump Around,House of Pain
1992,25,Diamonds and Pearls,PrinceandThe New Power Generation
1992,26,Don't Let the Sun Go Down on Me,George MichaelandElton John
1992,27,Masterpiece,Atlantic Starr
1992,28,If You Asked Me To,Celine Dion
1992,29,Giving Him Something He Can Feel,En Vogue
1992,30,Live and Learn,Joe Public
1992,31,Come and Talk to Me,Jodeci
1992,32,Smells Like Teen Spirit,Nirvana
1992,33,Humpin' Around,Bobby Brown
1992,34,Damn I Wish I Was Your Lover,Sophie B. Hawkins
1992,35,Tell Me What You Want Me to Do,Tevin Campbell
1992,36,Ain't 2 Proud 2 Beg,TLC
1992,37,It's So Hard to Say Goodbye to Yesterday,Boyz II Men
1992,38,Move This,TechnotronicfeaturingYa Kid K
1992,39,Bohemian Rhapsody,Queen
1992,40,Tennessee,Arrested Development
1992,41,The Best Things in Life Are Free,Luther VandrossandJanet Jackson
1992,42,Make It Happen,Mariah Carey
1992,43,The One,Elton John
1992,44,Set Adrift on Memory Bliss,P.M. Dawn
1992,45,Stay,Shakespears Sister
1992,46,2 Legit 2 Quit,Hammer
1992,47,Please Don't Go,KWS
1992,48,Breakin' My Heart (Pretty Brown Eyes),Mint Condition
1992,49,Wishing on a Star,The Cover Girls
1992,50,She's Playing Hard to Get,Hi-Five
1992,51,I'd Die Without You,P.M. Dawn
1992,52,Good for Me,Amy Grant
1992,53,All I Want,Toad the Wet Sprocket
1992,54,When a Man Loves a Woman,Michael Bolton
1992,55,I Can't Dance,Genesis
1992,56,Hazard,Richard Marx
1992,57,Mysterious Ways,U2
1992,58,Too Funky,George Michael
1992,59,How Do You Talk to an Angel,The Heights
1992,60,One,U2
1992,61,Keep on Walkin',CeCe Peniston
1992,62,Hold on My Heart,Genesis
1992,63,The Way I Feel About You,Karyn White
1992,64,Beauty and the Beast,Celine DionandPeabo Bryson
1992,65,Warm It Up,Kris Kross
1992,66,In the Closet,Michael Jackson
1992,67,People Everyday,Arrested Development
1992,68,No Son of Mine,Genesis
1992,69,Wildside,Marky Mark and the Funky Bunch
1992,70,Do I Have to Say the Words?,Bryan Adams
1992,71,Friday I'm in Love,The Cure
1992,72,Everything About You,Ugly Kid Joe
1992,73,Blowing Kisses in the Wind,Paula Abdul
1992,74,Thought I'd Died and Gone to Heaven,Bryan Adams
1992,75,Rhythm Is a Dancer,Snap!
1992,76,Addams Groove,Hammer
1992,77,Missing You Now,Michael Bolton
1992,78,Back to the Hotel,N2Deep
1992,79,Everything Changes,Kathy Troccoli
1992,80,Have You Ever Needed Someone So Bad,Def Leppard
1992,81,Take This Heart,Richard Marx
1992,82,When I Look Into Your Eyes,FireHouse
1992,83,I Wanna Love You,Jade
1992,84,Uhh Ahh,Boyz II Men
1992,85,Real Love,Mary J. Blige
1992,86,Justified and Ancient,The KLF
1992,87,Slow Motion,Color Me Badd
1992,88,What About Your Friends,TLC
1992,89,Thinkin' Back,Color Me Badd
1992,90,Would I Lie to You?,Charles & Eddie
1992,91,That's What Love Is For,Amy Grant
1992,92,Keep Coming Back,Richard Marx
1992,93,Free Your Mind,En Vogue
1992,94,Keep It Comin',Keith Sweat
1992,95,Just Take My Heart,Mr. Big
1992,96,I Will Remember You,Amy Grant
1992,97,We Got a Love Thang,CeCe Peniston
1992,98,Let's Get Rocked,Def Leppard
1992,99,They Want EFX,Das EFX
1992,100,I Can't Make You Love Me,Bonnie Raitt
1993,1,I Will Always Love You,Whitney Houston
1993,2,Whoomp! (There It Is),Tag Team
1993,3,Can't Help Falling in Love,UB40
1993,4,That's the Way Love Goes,Janet Jackson
1993,5,Freak Me,Silk
1993,6,Weak,SWV
1993,7,If I Ever Fall in Love,Shai
1993,8,Dreamlover,Mariah Carey
1993,9,Rump Shaker,Wreckx-n-Effect
1993,10,Informer,Snow
1993,11,Nuthin' but a 'G' Thang,Dr. Dre
1993,12,In the Still of the Nite,Boyz II Men
1993,13,Don't Walk Away,Jade
1993,14,Knockin' da Boots,H-Town
1993,15,Lately,Jodeci
1993,16,Dazzey Duks,Duice
1993,17,Show Me Love,Robin S.
1993,18,A Whole New World,Peabo BrysonandRegina Belle
1993,19,If,Janet Jackson
1993,20,I'm So Into You,SWV
1993,21,Love Is,Vanessa WilliamsandBrian McKnight
1993,22,Runaway Train,Soul Asylum
1993,23,I'll Never Get Over You (Getting Over Me),Exposé
1993,24,Ditty,Paperboy
1993,25,Rhythm Is a Dancer,Snap!
1993,26,The River of Dreams,Billy Joel
1993,27,I'm Gonna Be (500 Miles),The Proclaimers
1993,28,Two Princes,Spin Doctors
1993,29,"Right Here (Human Nature)"" / ""Downtown",SWV
1993,30,I Have Nothing,Whitney Houston
1993,31,Mr. Wendal,Arrested Development
1993,32,Have I Told You Lately,Rod Stewart
1993,33,Saving Forever for You,Shanice
1993,34,Ordinary World,Duran Duran
1993,35,If I Had No Loot,Tony! Toni! Toné!
1993,36,I'd Do Anything for Love (But I Won't Do That),Meat Loaf
1993,37,Slam,Onyx
1993,38,Looking Through Patient Eyes,P.M. Dawn
1993,39,I'm Every Woman,Whitney Houston
1993,40,Baby I'm Yours,Shai
1993,41,Come Undone,Duran Duran
1993,42,I Don't Wanna Fight,Tina Turner
1993,43,I'd Die Without You,P.M. Dawn
1993,44,"Whoot, There It Is",95 South
1993,45,Hip Hop Hooray,Naughty by Nature
1993,46,Another Sad Love Song,Toni Braxton
1993,47,Will You Be There,Michael Jackson
1993,48,Comforter,Shai
1993,49,Good Enough,Bobby Brown
1993,50,What's Up?,4 Non Blondes
1993,51,All That She Wants,Ace of Base
1993,52,7,PrinceandThe New Power Generation
1993,53,Dre Day,Dr. Dre
1993,54,One Last Cry,Brian McKnight
1993,55,Just Kickin' It,Xscape
1993,56,I Get Around,2Pac
1993,57,Bed of Roses,Bon Jovi
1993,58,Real Love,Mary J. Blige
1993,59,Here We Go Again!,Portrait
1993,60,Cryin',Aerosmith
1993,61,Cat's in the Cradle,Ugly Kid Joe
1993,62,What About Your Friends,TLC
1993,63,I Got a Man,Positive K
1993,64,Hey Mr. D.J.,Zhané
1993,65,Insane in the Brain,Cypress Hill
1993,66,Deeper and Deeper,Madonna
1993,68,The Right Kind of Love,Jeremy Jordan
1993,69,Bad Boys,Inner Circle
1993,70,That's What Love Can Do,Boy Krazy
1993,71,Do You Believe in Us,Jon Secada
1993,73,Forever in Love,Kenny G
1993,74,Again,Janet Jackson
1993,75,Boom! Shake the Room,DJ Jazzy Jeff & The Fresh Prince
1993,76,When She Cries,Restless Heart
1993,77,Sweat (A La La La La Long),Inner Circle
1993,78,It Was a Good Day,Ice Cube
1993,79,More and More,Captain Hollywood Project
1993,80,How Do You Talk to an Angel,The Heights
1993,81,Rebirth of Slick (Cool Like Dat),Digable Planets
1993,82,What Is Love,Haddaway
1993,83,To Love Somebody,Michael Bolton
1993,84,"Give It Up, Turn It Loose",En Vogue
1993,85,Alright,Kris KrossfeaturingSuper Cat
1993,86,Check Yo Self,Ice CubefeaturingDas EFX
1993,87,Fields of Gold,Sting
1993,88,Ooh Child,Dino
1993,89,Faithful,Go West
1993,90,Reason to Believe,Rod Stewart
1993,91,Break It Down Again,Tears for Fears
1993,92,Nothin' My Love Can't Fix,Joey Lawrence
1993,93,Three Little Pigs,Green Jellÿ
1993,94,Livin' on the Edge,Aerosmith
1993,95,Hey Jealousy,Gin Blossoms
1993,96,If I Ever Lose My Faith in You,Sting
1993,97,Anniversary,Tony! Toni! Toné!
1993,98,One Woman,Jade
1993,99,Can't Get Enough of Your Love,Taylor Dayne
1993,100,Two Steps Behind,Def Leppard
1994,1,The Sign,Ace of Base
1994,2,I Swear,All-4-One
1994,3,I'll Make Love to You,Boyz II Men
1994,4,The Power of Love,Celine Dion
1994,5,Hero,Mariah Carey
1994,6,Stay (I Missed You),Lisa Loeb and Nine Stories
1994,7,Breathe Again,Toni Braxton
1994,8,All for Love,"Bryan Adams,Rod StewartandSting"
1994,9,All That She Wants,Ace of Base
1994,11,Bump n' Grind,R. Kelly
1994,12,Again,Janet Jackson
1994,13,I'll Remember,Madonna
1994,14,Whatta Man,Salt-n-PepafeaturingEn Vogue
1994,15,Wild Night,John MellencampwithMeshell Ndegeocello
1994,16,"Without You"" / ""Never Forget You",Mariah Carey
1994,17,You Mean the World to Me,Toni Braxton
1994,18,Can You Feel the Love Tonight,Elton John
1994,19,The Most Beautiful Girl in the World,Prince
1994,20,Fantastic Voyage,Coolio
1994,21,"Baby, I Love Your Way",Big Mountain
1994,22,Regulate,Warren GandNate Dogg
1994,23,If You Go,Jon Secada
1994,24,Back & Forth,Aaliyah
1994,25,Now and Forever,Richard Marx
1994,26,When Can I See You,Babyface
1994,27,Please Forgive Me,Bryan Adams
1994,28,So Much in Love,All-4-One
1994,29,Shoop,Salt-n-Pepa
1994,30,"Any Time, Any Place"" / ""And On and On",Janet Jackson
1994,31,Shine,Collective Soul
1994,32,Said I Loved You...But I Lied,Michael Bolton
1994,33,Return to Innocence,Enigma
1994,34,All I Wanna Do,Sheryl Crow
1994,35,Mmm Mmm Mmm Mmm,Crash Test Dummies
1994,36,Can We Talk,Tevin Campbell
1994,37,Funkdafied,Da Brat
1994,38,I'd Do Anything for Love (But I Won't Do That),Meat Loaf
1994,39,Gangsta Lean,DRS
1994,40,Because the Night,"10,000 Maniacs"
1994,41,Cantaloop (Flip Fantasia),Us3
1994,42,Whoomp! (There It Is),Tag Team
1994,43,Come to My Window,Melissa Etheridge
1994,44,Stroke You Up,Changing Faces
1994,45,I'm Ready,Tevin Campbell
1994,46,100% Pure Love,Crystal Waters
1994,47,Anytime You Need a Friend,Mariah Carey
1994,48,Because of Love,Janet Jackson
1994,49,Linger,The Cranberries
1994,50,Loser,Beck
1994,51,Found Out About You,Gin Blossoms
1994,52,Gin and Juice,Snoop Doggy Dogg
1994,53,Never Lie,Immature
1994,54,Streets of Philadelphia,Bruce Springsteen
1994,55,Getto Jam,Domino
1994,56,Endless Love,Luther Vandross&Mariah Carey
1994,57,I Miss You,Aaron Hall
1994,58,Understanding,Xscape
1994,59,This D.J.,Warren G
1994,60,Cry for You,Jodeci
1994,61,Keep Ya Head Up,2Pac
1994,62,What's My Name?,Snoop Doggy Dogg
1994,63,Another Night,Real McCoy
1994,64,Your Body's Callin',R. Kelly
1994,65,Tootsee Roll,69 Boyz
1994,66,I Can See Clearly Now (from Cool Runnings),Jimmy Cliff
1994,67,Never Keeping Secrets,Babyface
1994,68,Crazy,Aerosmith
1994,69,Just Kickin' It,Xscape
1994,70,(At Your Best) You Are Love,Aaliyah
1994,71,Rock and Roll Dreams Come Through,Meat Loaf
1994,72,Amazing,Aerosmith
1994,73,Always,Erasure
1994,74,Groove Thang,Zhané
1994,75,Dreams,Gabrielle
1994,76,Mr. Vain,Culture Beat
1994,77,Mary Jane's Last Dance,Tom Petty and the Heartbreakers
1994,78,Anything,SWV
1994,79,Beautiful in My Eyes,Joshua Kadison
1994,80,Stay,Eternal
1994,81,Flava in Ya Ear,Craig Mack
1994,82,U.N.I.T.Y.,Queen Latifah
1994,83,Prayer for the Dying,Seal
1994,84,Secret,Madonna
1994,85,Here Comes the Hotstepper,Ini Kamoze
1994,86,Everyday,Phil Collins
1994,87,Don't Take the Girl,Tim McGraw
1994,88,Got Me Waiting,Heavy D & the Boyz
1994,89,"December, 1963 (Oh, What a Night)",The Four Seasons
1994,90,Indian Outlaw,Tim McGraw
1994,91,Always,Bon Jovi
1994,92,I'm the Only One,Melissa Etheridge
1994,93,Back in the Day,Ahmad
1994,94,Love Sneakin' Up On You,Bonnie Raitt
1994,95,I'll Take You There (from Threesome),General Public
1994,96,Always in My Heart,Tevin Campbell
1994,97,What Is Love,Haddaway
1994,98,And Our Feelings,Babyface
1994,99,Bop Gun (One Nation),Ice CubefeaturingGeorge Clinton
1994,100,I Wanna Be Down,Brandy
1995,1,Gangsta's Paradise,CooliofeaturingL.V.
1995,2,Waterfalls,TLC
1995,4,Kiss from a Rose,Seal
1995,5,On Bended Knee,Boyz II Men
1995,6,Another Night,Real McCoy
1995,7,Fantasy,Mariah Carey
1995,8,Take a Bow,Madonna
1995,9,Don't Take It Personal (Just One of Dem Days),Monica
1995,10,This Is How We Do It,Montell Jordan
1995,11,I Know,Dionne Farris
1995,12,Water Runs Dry,Boyz II Men
1995,13,Freak Like Me,Adina Howard
1995,14,Run-Around,Blues Traveler
1995,15,I Can Love You Like That,All-4-One
1995,16,Have You Ever Really Loved a Woman?,Bryan Adams
1995,17,Always,Bon Jovi
1995,18,"Boombastic"" / ""In the Summertime",Shaggy
1995,19,Total Eclipse of the Heart,Nicki French
1995,20,You Gotta Be,Des'ree
1995,21,You Are Not Alone,Michael Jackson
1995,22,Hold My Hand,Hootie & the Blowfish
1995,23,One More Chance/Stay with Me,The Notorious B.I.G.
1995,24,Here Comes the Hotstepper,Ini Kamoze
1995,25,Candy Rain,Soul for Real
1995,26,Let Her Cry,Hootie & the Blowfish
1995,27,I Believe,Blessid Union of Souls
1995,28,Red Light Special,TLC
1995,29,Runaway,Janet Jackson
1995,30,Strong Enough,Sheryl Crow
1995,31,Colors of the Wind,Vanessa Williams
1995,32,Someone to Love,Jon B.featuringBabyface
1995,33,Only Wanna Be with You,Hootie & the Blowfish
1995,34,If You Love Me,Brownstone
1995,35,In the House of Stone and Light,Martin Page
1995,36,I Got 5 on It,Luniz
1995,37,Baby,Brandy
1995,38,Run Away,Real McCoy
1995,39,As I Lay Me Down,Sophie B. Hawkins
1995,40,He's Mine,MoKenStef
1995,41,December,Collective Soul
1995,42,I'll Be There for You/You're All I Need to Get By,Method ManfeaturingMary J. Blige
1995,43,Shy Guy,Diana King
1995,44,I'm the Only One,Melissa Etheridge
1995,45,Every Little Thing I Do,Soul for Real
1995,46,Before I Let You Go,Blackstreet
1995,47,"Big Poppa"" / ""Warning",The Notorious B.I.G.
1995,48,Sukiyaki,4 P.M.
1995,49,I Wanna Be Down,Brandy
1995,50,I'll Make Love to You,Boyz II Men
1995,51,"Dear Mama"" / ""Old School",2Pac
1995,52,Hold On,Jamie Walters
1995,53,Keep Their Heads Ringin',Dr. Dre
1995,54,The Rhythm of the Night,Corona
1995,55,Roll to Me,Del Amitri
1995,56,"Scream"" / ""Childhood",Michael Jackson and Janet Jackson
1995,57,Freek'n You,Jodeci
1995,58,I Wish,Skee-Lo
1995,59,Believe,Elton John
1995,60,Carnival,Natalie Merchant
1995,61,You Don't Know How It Feels,Tom Petty
1995,62,Back for Good,Take That
1995,63,Tootsee Roll,69 Boyz
1995,64,"You Want This"" / ""70's Love Groove",Janet Jackson
1995,65,Tell Me,Groove Theory
1995,66,Can't You See,Totalfeaturing The Notorious B.I.G.
1995,67,All I Wanna Do,Sheryl Crow
1995,68,This Lil' Game We Play,Subwayfeaturing702
1995,69,Come and Get Your Love,Real McCoy
1995,70,This Ain't a Love Song,Bon Jovi
1995,71,Secret,Madonna
1995,72,Player's Anthem,Junior M.A.F.I.A.featuring The Notorious B.I.G.
1995,73,Feel Me Flow,Naughty by Nature
1995,74,Every Day of the Week,Jade
1995,75,The Sweetest Days,Vanessa Williams
1995,76,Short Dick Man,20 FingersfeaturingGillette
1995,77,Brokenhearted,Brandy
1995,78,No More I Love You's,Annie Lennox
1995,79,You Used to Love Me,Faith Evans
1995,80,Constantly,Immature
1995,81,"Hold Me, Thrill Me, Kiss Me, Kill Me",U2
1995,82,100% Pure Love,Crystal Waters
1995,83,Ask of You,Raphael Saadiq
1995,84,Sugar Hill,AZ
1995,85,Good,Better Than Ezra
1995,86,Brown Sugar,D'Angelo
1995,87,Turn the Beat Around,Gloria Estefan
1995,88,'Til You Do Me Right,After 7
1995,89,1st of tha Month,Bone Thugs-n-Harmony
1995,90,"Like the Way I Do"" / ""If I Wanted To",Melissa Etheridge
1995,91,I Live My Life for You,FireHouse
1995,92,"Dream About You"" / ""Funky Melody",Stevie B
1995,93,Cotton Eye Joe,Rednex
1995,94,Thank You,Boyz II Men
1995,95,I'll Stand by You,The Pretenders
1995,96,I Miss You,N II U
1995,97,Give It 2 You,Da Brat
1995,98,Best Friend,Brandy
1995,99,Misery,Soul Asylum
1995,100,Can't Stop Lovin' You,Van Halen
1996,1,Macarena(Bayside Boys Mix),Los del Río
1996,2,One Sweet Day,Mariah CareyandBoyz II Men
1996,3,Because You Loved Me,Celine Dion
1996,4,Nobody Knows,The Tony Rich Project
1996,5,Always Be My Baby,Mariah Carey
1996,6,Give Me One Reason,Tracy Chapman
1996,7,Tha Crossroads,Bone Thugs-n-Harmony
1996,8,I Love You Always Forever,Donna Lewis
1996,9,"You're Makin' Me High"" / ""Let It Flow",Toni Braxton
1996,10,Twisted,Keith Sweat
1996,11,C'mon N' Ride It (The Train),Quad City DJ's
1996,12,Missing,Everything but the Girl
1996,13,Ironic,Alanis Morissette
1996,14,Exhale (Shoop Shoop),Whitney Houston
1996,15,"Follow You Down"" / ""Til I Hear It from You",Gin Blossoms
1996,16,Sittin' Up in My Room,Brandy
1996,17,"How Do U Want It"" / ""California Love",2PacfeaturingK-Ci and JoJo/2PacfeaturingDr. DreandRoger Troutman
1996,18,It's All Coming Back to Me Now,Celine Dion
1996,19,Change the World,Eric Clapton
1996,20,Hey Lover,LL Cool Jfeaturing Boyz II Men
1996,21,Loungin,LL Cool J
1996,22,Insensitive,Jann Arden
1996,23,Be My Lover,La Bouche
1996,24,Name,Goo Goo Dolls
1996,25,Who Will Save Your Soul,Jewel
1996,26,Where Do You Go,No Mercy
1996,27,I Can't Sleep Baby (If I),R. Kelly
1996,28,Counting Blue Cars,Dishwalla
1996,29,"You Learn"" / ""You Oughta Know",Alanis Morissette
1996,30,One of Us,Joan Osborne
1996,31,Wonder,Natalie Merchant
1996,32,Not Gon' Cry,Mary J. Blige
1996,33,Gangsta's Paradise,CooliofeaturingL.V.
1996,34,Only You,112featuringThe Notorious B.I.G.
1996,35,Down Low (Nobody Has to Know),R. KellyfeaturingRonald Isley
1996,36,You're the One,SWV
1996,37,Sweet Dreams,La Bouche
1996,38,"Before You Walk Out of My Life"" / ""Like This and Like That",Monica
1996,39,Breakfast at Tiffany's,Deep Blue Something
1996,40,"1, 2, 3, 4 (Sumpin' New)",Coolio
1996,41,The World I Know,Collective Soul
1996,42,No Diggity,BlackstreetfeaturingDr. Dre
1996,43,Anything,3T
1996,44,1979,The Smashing Pumpkins
1996,45,Diggin' on You,TLC
1996,46,"Why I Love You So Much"" / ""Ain't Nobody",Monica
1996,47,Kissin' You,Total
1996,48,Count on Me,Whitney HoustonandCeCe Winans
1996,49,Fantasy,Mariah Carey
1996,50,Time,Hootie & the Blowfish
1996,51,You'll See,Madonna
1996,52,Last Night,Az Yet
1996,53,Mouth,Merril Bainbridge
1996,54,"The Earth, the Sun, the Rain",Color Me Badd
1996,55,All the Things (Your Man Won't Do),Joe
1996,56,Wonderwall,Oasis
1996,57,"Woo Hah!! Got You All in Check"" / ""Everything Remains Raw",Busta Rhymes
1996,58,Tell Me,Groove Theory
1996,59,Elevators (Me & You),Outkast
1996,60,Hook,Blues Traveler
1996,61,Doin' It,LL Cool J
1996,62,Fastlove,George Michael
1996,63,"Touch Me, Tease Me",CasefeaturingFoxy Brown
1996,64,Tonite's tha Night,Kris Kross
1996,65,Children,Robert Miles
1996,66,Theme from Mission: Impossible,Adam ClaytonandLarry Mullen
1996,67,Closer to Free,BoDeans
1996,68,Just a Girl,No Doubt
1996,69,If Your Girl Only Knew,Aaliyah
1996,70,Lady,D'Angelo
1996,71,Key West Intermezzo (I Saw You First),John Mellencamp
1996,72,Pony,Ginuwine
1996,73,Nobody,Keith SweatfeaturingAthena Cage
1996,74,Old Man & Me (When I Get to Heaven),Hootie & the Blowfish
1996,75,If It Makes You Happy,Sheryl Crow
1996,76,As I Lay Me Down,Sophie B. Hawkins
1996,77,"Keep On, Keepin' On",MC LytefeaturingXscape
1996,78,Jealousy,Natalie Merchant
1996,79,I Want to Come Over,Melissa Etheridge
1996,80,Who Do U Love,Deborah Cox
1996,81,Un-Break My Heart,Toni Braxton
1996,82,This Is Your Night,Amber
1996,83,You Remind Me of Something,R. Kelly
1996,84,Runaway,Janet Jackson
1996,85,Set U Free,Planet Soul
1996,86,Hit Me Off,New Edition
1996,87,No One Else,Total
1996,88,My Boo,Ghost Town DJ's
1996,89,Get Money,Junior M.A.F.I.A.featuringThe Notorious B.I.G.
1996,90,That Girl,Maxi PriestfeaturingShaggy
1996,91,Po Pimp,Do or DiefeaturingTwista
1996,92,Until It Sleeps,Metallica
1996,93,Hay,Crucial Conflict
1996,94,Beautiful Life,Ace of Base
1996,95,Back for Good,Take That
1996,96,"I Got Id"" / ""Long Road",Pearl Jam
1996,97,Soon as I Get Home,Faith Evans
1996,98,Macarena,Los del Río
1996,99,Only Wanna Be with You,Hootie & the Blowfish
1996,100,Don't Cry,Seal
1997,1,"Candle in the Wind 1997"" / ""Something About the Way You Look Tonight",Elton John
1997,2,"You Were Meant for Me"" / ""Foolish Games",Jewel
1997,3,I'll Be Missing You,Puff DaddyandFaith Evansfeaturing112
1997,4,Un-Break My Heart,Toni Braxton
1997,5,Can't Nobody Hold Me Down,Puff DaddyfeaturingMase
1997,6,I Believe I Can Fly,R. Kelly
1997,7,Don't Let Go (Love),En Vogue
1997,8,Return of the Mack,Mark Morrison
1997,9,How Do I Live,LeAnn Rimes
1997,10,Wannabe,Spice Girls
1997,11,Quit Playing Games (With My Heart),Backstreet Boys
1997,12,MMMBop,Hanson
1997,13,For You I Will,Monica
1997,14,You Make Me Wanna...,Usher
1997,15,Bitch,Meredith Brooks
1997,16,Nobody,Keith SweatfeaturingAthena Cage
1997,17,Semi-Charmed Life,Third Eye Blind
1997,18,Barely Breathing,Duncan Sheik
1997,19,Hard to Say I'm Sorry,Az YetfeaturingPeter Cetera
1997,20,Mo Money Mo Problems,The Notorious B.I.G.featuringPuff DaddyandMase
1997,21,The Freshmen,The Verve Pipe
1997,22,I Want You,Savage Garden
1997,23,No Diggity,BlackstreetfeaturingDr. Dre
1997,24,I Belong to You (Every Time I See Your Face),Rome
1997,25,Hypnotize,The Notorious B.I.G.
1997,26,Every Time I Close My Eyes,Babyface
1997,27,In My Bed,Dru Hill
1997,28,Say You'll Be There,Spice Girls
1997,29,Do You Know (What It Takes),Robyn
1997,30,4 Seasons of Loneliness,Boyz II Men
1997,31,G.H.E.T.T.O.U.T.,Changing Faces
1997,32,Honey,Mariah Carey
1997,33,I Believe in You and Me,Whitney Houston
1997,34,Da' Dip,Freak Nasty
1997,35,2 Become 1,Spice Girls
1997,36,All for You,Sister Hazel
1997,37,Cupid,112
1997,38,Where Have All the Cowboys Gone?,Paula Cole
1997,39,Sunny Came Home,Shawn Colvin
1997,40,It's Your Love,Tim McGrawwithFaith Hill
1997,41,Ooh Aah... Just a Little Bit,Gina G
1997,42,Mouth,Merril Bainbridge
1997,43,All Cried Out,Allurefeaturing112
1997,44,I'm Still in Love with You,New Edition
1997,45,Invisible Man,98 Degrees
1997,46,Not Tonight,"Lil' KimfeaturingDa Brat,Left Eye,Missy ElliottandAngie Martinez"
1997,47,Look into My Eyes,Bone Thugs-n-Harmony
1997,48,Get It Together,702
1997,49,All by Myself,Celine Dion
1997,51,My Love Is the Shhh!,Somethin' for the PeoplefeaturingTrina & Tamara
1997,52,Where Do You Go,No Mercy
1997,53,I Finally Found Someone,Barbra StreisandandBryan Adams
1997,54,I'll Be,Foxy BrownfeaturingJay-Z
1997,55,If It Makes You Happy,Sheryl Crow
1997,56,Never Make a Promise,Dru Hill
1997,57,When You Love a Woman,Journey
1997,58,Up Jumps da Boogie,Magoo and Timbaland
1997,59,"I Don't Want To"" / ""I Love Me Some Him",Toni Braxton
1997,60,Everyday Is a Winding Road,Sheryl Crow
1997,61,Cold Rock a Party,MC Lyte
1997,62,Pony,Ginuwine
1997,63,Building a Mystery,Sarah McLachlan
1997,64,I Love You Always Forever,Donna Lewis
1997,65,Your Woman,White Town
1997,66,C U When U Get There,Cooliofeaturing 40 Thevz
1997,67,Change the World,Eric Clapton
1997,68,My Baby Daddy,B-Rock and the Bizz
1997,69,Tubthumping,Chumbawamba
1997,70,Gotham City,R. Kelly
1997,71,Last Night,Az Yet
1997,72,ESPN Presents The Jock Jam,Various Artists
1997,73,Big Daddy,Heavy D
1997,74,What About Us,Total
1997,75,Smile,Scarfacefeaturing2Pacand Johnny P.
1997,76,What's on Tonight,Montell Jordan
1997,77,Secret Garden,Bruce Springsteen
1997,78,The One I Gave My Heart To,Aaliyah
1997,79,Fly Like an Eagle,Seal
1997,80,No Time,Lil' KimfeaturingPuff Daddy
1997,81,Naked Eye,Luscious Jackson
1997,82,Macarena(Bayside Boys Mix),Los del Río
1997,83,On & On,Erykah Badu
1997,84,Don't Wanna Be a Player,Joe
1997,85,I Shot the Sheriff,Warren G
1997,86,You Should Be Mine (Don't Waste Your Time),Brian McKnightfeaturingMase
1997,87,Don't Cry for Me Argentina,Madonna
1997,88,Someone,SWVfeaturingPuff Daddy
1997,89,Go the Distance,Michael Bolton
1997,90,One More Time,Real McCoy
1997,91,Butta Love,Next
1997,92,Coco Jamboo,Mr. President
1997,93,Twisted,Keith Sweat
1997,94,Barbie Girl,Aqua
1997,95,"When You're Gone"" / ""Free to Decide",The Cranberries
1997,96,Let Me Clear My Throat,DJ Kool
1997,97,I Like It,The Blackout All-Stars
1997,98,"You're Makin' Me High"" / ""Let It Flow",Toni Braxton
1997,99,You Must Love Me,Madonna
1997,100,Let It Go,Ray J
1998,1,Too Close,Next
1998,2,The Boy Is Mine,BrandyandMonica
1998,3,You're Still the One,Shania Twain
1998,4,Truly Madly Deeply,Savage Garden
1998,5,How Do I Live,LeAnn Rimes
1998,6,Together Again,Janet
1998,7,All My Life,K-Ci & JoJo
1998,8,"Candle in the Wind 1997"" / ""Something About the Way You Look Tonight",Elton John
1998,9,Nice & Slow,Usher
1998,10,I Don't Want to Wait,Paula Cole
1998,11,How's It Going to Be,Third Eye Blind
1998,12,"No, No, No",Destiny's Child
1998,13,My Heart Will Go On,Celine Dion
1998,14,Gettin' Jiggy wit It,Will Smith
1998,15,You Make Me Wanna...,Usher
1998,17,My All,Mariah Carey
1998,18,The First Night,Monica
1998,19,Been Around the World,Puff DaddyfeaturingThe Notorious B.I.G.andMase
1998,20,Adia,Sarah McLachlan
1998,21,Crush,Jennifer Paige
1998,22,Everybody (Backstreet's Back),Backstreet Boys
1998,23,I Don't Want to Miss a Thing,Aerosmith
1998,24,Body Bumpin' (Yippie-Yi-Yo),Public Announcement
1998,25,This Kiss,Faith Hill
1998,26,I Don't Ever Want to See You Again,Uncle Sam
1998,27,Let's Ride,Montell JordanfeaturingMaster PandSilkk the Shocker
1998,28,Sex and Candy,Marcy Playground
1998,29,Show Me Love,Robyn
1998,30,A Song for Mama,Boyz II Men
1998,31,What You Want,MasefeaturingTotal
1998,32,Frozen,Madonna
1998,33,Gone till November,Wyclef Jean
1998,34,My Body,LSG
1998,35,Tubthumping,Chumbawamba
1998,36,Deja Vu (Uptown Baby),Lord Tariq and Peter Gunz
1998,37,I Want You Back,NSYNC
1998,38,When the Lights Go Out,Five
1998,39,They Don't Know,Jon B.
1998,40,Make 'Em Say Uhh!,"Master PfeaturingFiend,Silkk the Shocker,Mia XandMystikal"
1998,41,Make It Hot,NicolefeaturingMissy Elliottand Mocha
1998,42,Never Ever,All Saints
1998,43,I Get Lonely,JanetfeaturingBlackstreet
1998,44,Feel So Good,Mase
1998,45,Say It,Voices of Theory
1998,46,Kiss the Rain,Billie Myers
1998,47,Come with Me,Puff DaddyfeaturingJimmy Page
1998,48,Romeo and Juliet,Sylk-E. Fynefeaturing Chill
1998,49,It's All About Me,MýaandSisqo
1998,50,I Will Come to You,Hanson
1998,51,One Week,Barenaked Ladies
1998,52,Swing My Way,K. P. & Envyi
1998,53,The Arms of the One Who Loves You,Xscape
1998,54,My Love Is the Shhh!,Somethin' for the PeoplefeaturingTrina & Tamara
1998,55,Daydreamin',Tatyana Ali
1998,56,We're Not Making Love No More,Dru Hill
1998,57,Semi-Charmed Life,Third Eye Blind
1998,58,I Do,Lisa Loeb
1998,59,Lookin' at Me,MasefeaturingPuff Daddy
1998,60,Looking Through Your Eyes,LeAnn Rimes
1998,61,Lately,Divine
1998,62,Quit Playing Games (With My Heart),Backstreet Boys
1998,63,I Still Love You,Next
1998,64,Time After Time,INOJ
1998,65,Are You Jimmy Ray?,Jimmy Ray
1998,66,Cruel Summer,Ace of Base
1998,67,I Got the Hook Up,Master PfeaturingSons of Funk
1998,68,Victory,Puff Daddy& the Family featuringThe Notorious B.I.G.andBusta Rhymes
1998,69,Too Much,Spice Girls
1998,70,Ghetto Supastar (That Is What You Are),Pras MichelfeaturingOl' Dirty BastardandMýa
1998,71,How Deep Is Your Love,Dru HillfeaturingRedman
1998,72,Friend of Mine,Kelly Price
1998,73,Turn It Up (Remix)/Fire It Up,Busta Rhymes
1998,74,I'll Be,Edwin McCain
1998,75,Ray of Light,Madonna
1998,76,All for You,Sister Hazel
1998,77,Touch It,Monifah
1998,78,"Money, Power & Respect",The LoxfeaturingDMXandLil' Kim
1998,79,Bitter Sweet Symphony,The Verve
1998,80,Dangerous,Busta Rhymes
1998,81,Spice Up Your Life,Spice Girls
1998,82,Because of You,98 Degrees
1998,83,The Mummers' Dance,Loreena McKennitt
1998,84,All Cried Out,Allurefeaturing112
1998,85,Still Not a Player,Big PunisherfeaturingJoe
1998,86,The One I Gave My Heart To,Aaliyah
1998,87,"Foolish Games"" / ""You Were Meant for Me",Jewel
1998,88,Love You Down,INOJ
1998,89,Do for Love,2Pacfeaturing Eric Williams
1998,90,Raise the Roof,LukefeaturingNo Good But So Good
1998,91,Heaven,Nu Flavor
1998,92,The Party Continues,JDfeaturingDa Brat
1998,93,Sock It 2 Me,Missy ElliottfeaturingDa Brat
1998,94,Butta Love,Next
1998,95,A Rose Is Still a Rose,Aretha Franklin
1998,96,4 Seasons of Loneliness,Boyz II Men
1998,97,Father,LL Cool J
1998,98,Thinkin' Bout It,Gerald Levert
1998,99,Nobody's Supposed to Be Here,Deborah Cox
1998,100,Westside,TQ
1999,1,Believe,Cher
1999,2,No Scrubs,TLC
1999,3,Angel of Mine,Monica
1999,4,Heartbreak Hotel,Whitney HoustonfeaturingFaith EvansandKelly Price
1999,5,...Baby One More Time,Britney Spears
1999,6,Kiss Me,Sixpence None the Richer
1999,7,Genie in a Bottle,Christina Aguilera
1999,8,Every Morning,Sugar Ray
1999,9,Nobody's Supposed to Be Here,Deborah Cox
1999,10,Livin' la Vida Loca,Ricky Martin
1999,11,Where My Girls At?,702
1999,12,If You Had My Love,Jennifer Lopez
1999,13,Slide,Goo Goo Dolls
1999,14,Have You Ever?,Brandy
1999,15,I Want It That Way,Backstreet Boys
1999,16,I'm Your Angel,R. KellyandCeline Dion
1999,17,All Star,Smash Mouth
1999,18,Angel,Sarah McLachlan
1999,19,Smooth,SantanafeaturingRob Thomas
1999,20,Unpretty,TLC
1999,21,"Bills, Bills, Bills",Destiny's Child
1999,22,Save Tonight,Eagle-Eye Cherry
1999,23,Last Kiss,Pearl Jam
1999,24,Fortunate,Maxwell
1999,25,All I Have to Give,Backstreet Boys
1999,26,Bailamos,Enrique Iglesias
1999,27,What's It Gonna Be?!,Busta RhymesfeaturingJanet
1999,28,What It's Like,Everlast
1999,29,Fly Away,Lenny Kravitz
1999,30,Someday,Sugar Ray
1999,31,Lately,Divine
1999,32,That Don't Impress Me Much,Shania Twain
1999,33,Wild Wild West,Will SmithfeaturingDru HillandKool Moe Dee
1999,34,Scar Tissue,Red Hot Chili Peppers
1999,35,Heartbreaker,Mariah CareyfeaturingJay-Z
1999,36,I Still Believe,Mariah Carey
1999,37,The Hardest Thing,98 Degrees
1999,38,Summer Girls,LFO
1999,39,Can I Get A...,Jay-ZfeaturingAmilandJa Rule
1999,40,Jumper,Third Eye Blind
1999,41,Doo Wop (That Thing),Lauryn Hill
1999,42,Mambo No. 5,Lou Bega
1999,43,Sweet Lady,Tyrese
1999,44,It's Not Right but It's Okay,Whitney Houston
1999,45,(God Must Have Spent) A Little More Time on You,NSYNC
1999,46,Lullaby,Shawn Mullins
1999,47,Anywhere,112featuringLil Zane
1999,48,Tell Me It's Real,K-Ci & JoJo
1999,49,Back 2 Good,Matchbox 20
1999,50,808,Blaque
1999,51,She's So High,Tal Bachman
1999,52,She's All I Ever Had,Ricky Martin
1999,53,Miami,Will Smith
1999,54,Hands,Jewel
1999,55,Who Dat,JT MoneyfeaturingSolé
1999,56,Please Remember Me,Tim McGraw
1999,57,From This Moment On,Shania Twain
1999,58,Love Like This,Faith Evans
1999,59,You,Jesse Powell
1999,60,Trippin',TotalfeaturingMissy Elliott
1999,61,If You,Silk
1999,62,Ex-Factor,Lauryn Hill
1999,63,Give It to You,Jordan Knight
1999,64,Black Balloon,Goo Goo Dolls
1999,65,Spend My Life with You,Eric BenétfeaturingTamia
1999,66,These Are the Times,Dru Hill
1999,67,I Don't Want to Miss a Thing,Mark Chesnutt
1999,68,I Do (Cherish You),98 Degrees
1999,70,I Will Remember You,Sarah McLachlan
1999,71,Chanté's Got a Man,Chanté Moore
1999,72,Happily Ever After,Case
1999,73,My Love Is Your Love,Whitney Houston
1999,74,All Night Long,Faith EvansfeaturingPuff Daddy
1999,75,Back That Thang Up,JuvenilefeaturingMannie FreshandLil Wayne
1999,76,Almost Doesn't Count,Brandy
1999,77,Man! I Feel Like a Woman!,Shania Twain
1999,78,Steal My Sunshine,Len
1999,79,I Need to Know,Marc Anthony
1999,80,So Anxious,Ginuwine
1999,81,Faded Pictures,CasefeaturingJoe
1999,82,Back at One,Brian McKnight
1999,83,When a Woman's Fed Up,R. Kelly
1999,84,How Forever Feels,Kenny Chesney
1999,85,Amazed,Lonestar
1999,86,Sometimes,Britney Spears
1999,87,Ghetto Cowboy,Mo Thugs
1999,88,Out of My Head,Fastball
1999,89,Hard Knock Life (Ghetto Anthem),Jay-Z
1999,90,Jamboree,Naughty by NaturefeaturingZhané
1999,91,Take Me There,"BlackstreetfeaturingMýa,MaseandBlinky Blink"
1999,92,Stay the Same,Joey McIntyre
1999,93,A Lesson in Leavin',Jo Dee Messina
1999,94,Iris,Goo Goo Dolls
1999,95,Satisfy You,Puff DaddyfeaturingR. Kelly
1999,96,Better Days (And the Bottom Drops Out),Citizen King
1999,97,Music of My Heart,NSYNCandGloria Estefan
1999,98,Write This Down,George Strait
1999,99,When You Believe,Whitney HoustonandMariah Carey
1999,100,(God Must Have Spent) A Little More Time on You,AlabamaandNSYNC
2000,1,Breathe,Faith Hill
2000,2,Smooth,SantanafeaturingRob Thomas
2000,3,Maria Maria,SantanafeaturingThe Product G&B
2000,4,I Wanna Know,Joe
2000,5,Everything You Want,Vertical Horizon
2000,6,Say My Name,Destiny's Child
2000,7,I Knew I Loved You,Savage Garden
2000,8,Amazed,Lonestar
2000,9,Bent,Matchbox Twenty
2000,10,He Wasn't Man Enough,Toni Braxton
2000,11,Higher,Creed
2000,12,Try Again,Aaliyah
2000,13,"Jumpin', Jumpin'",Destiny's Child
2000,14,Thong Song,Sisqó
2000,15,Kryptonite,3 Doors Down
2000,16,There You Go,Pink
2000,17,Music,Madonna
2000,18,Doesn't Really Matter,Janet Jackson
2000,19,What a Girl Wants,Christina Aguilera
2000,20,Back at One,Brian McKnight
2000,21,Bye Bye Bye,NSYNC
2000,22,You Sang to Me,Marc Anthony
2000,24,Get It On Tonite,Montell Jordan
2000,25,Incomplete,Sisqó
2000,26,I Try,Macy Gray
2000,27,It's Gonna Be Me,NSYNC
2000,28,That's the Way It Is,Celine Dion
2000,29,Country Grammar (Hot Shit),Nelly
2000,30,Bring It All to Me,Blaque
2000,31,Show Me the Meaning of Being Lonely,Backstreet Boys
2000,32,Hot Boyz,"Missy ElliottfeaturingNas,EveandQ-Tip"
2000,33,Back Here,BBMak
2000,34,It Feels So Good,Sonique
2000,35,Absolutely (Story of a Girl),Nine Days
2000,36,With Arms Wide Open,Creed
2000,37,Be with You,Enrique Iglesias
2000,38,Come On Over Baby (All I Want Is You),Christina Aguilera
2000,39,No More,Ruff Endz
2000,40,All the Small Things,Blink-182
2000,41,The Way You Love Me,Faith Hill
2000,42,I Turn to You,Christina Aguilera
2000,43,Never Let You Go,Third Eye Blind
2000,44,I Need You,LeAnn Rimes
2000,45,Thank God I Found You,Mariah CareyfeaturingJoeand98 Degrees
2000,46,Let's Get Married,Jagged Edge
2000,47,My Love Is Your Love,Whitney Houston
2000,48,Then the Morning Comes,Smash Mouth
2000,49,Blue (Da Ba Dee),Eiffel 65
2000,50,Desert Rose,StingfeaturingCheb Mami
2000,51,The Real Slim Shady,Eminem
2000,52,Most Girls,Pink
2000,53,Wifey,Next
2000,54,Wonderful,Everclear
2000,55,Oops!... I Did It Again,Britney Spears
2000,56,I Wanna Love You Forever,Jessica Simpson
2000,57,Give Me Just One Night (Una Noche),98 Degrees
2000,58,Take a Picture,Filter
2000,59,Otherside,Red Hot Chili Peppers
2000,60,Big Pimpin',Jay-ZfeaturingUGK
2000,61,Purest of Pain (A Puro Dolor),Son by Four
2000,62,He Can't Love U,Jagged Edge
2000,63,Separated,Avant
2000,64,I Wish,Carl Thomas
2000,65,U Know What's Up,Donell Jones
2000,66,Faded,soulDecisionfeaturingThrust
2000,67,Only God Knows Why,Kid Rock
2000,68,Shake Ya Ass,Mystikal
2000,69,Bag Lady,Erykah Badu
2000,70,Meet Virginia,Train
2000,71,Party Up (Up in Here),DMX
2000,72,Case of the Ex (Whatcha Gonna Do),Mýa
2000,73,Forgot About Dre,Dr. DrefeaturingEminem
2000,74,That's the Way,Jo Dee Messina
2000,75,Swear It Again,Westlife
2000,76,The Next Episode,Dr. DrefeaturingSnoop Dogg
2000,77,From the Bottom of My Broken Heart,Britney Spears
2000,78,Crash and Burn,Savage Garden
2000,79,Yes!,Chad Brock
2000,80,The Best Day,George Strait
2000,81,Where I Wanna Be,Donell Jones
2000,82,How Do You Like Me Now?!,Toby Keith
2000,83,My Best Friend,Tim McGraw
2000,84,Broadway,Goo Goo Dolls
2000,85,What'chu Like,Da BratfeaturingTyrese
2000,86,Don't Think I'm Not,Kandi
2000,87,I Hope You Dance,Lee Ann WomackwithSons of the Desert
2000,88,Better Off Alone,Alice Deejay
2000,89,Dance with Me,Debelah Morgan
2000,90,What About Now,Lonestar
2000,91,I Like It,Sammie
2000,92,24/7,Kevon Edmonds
2000,93,Girl on TV,LFO
2000,94,Bounce with Me,Lil' Bow WowfeaturingXscape
2000,95,Cowboy Take Me Away,Dixie Chicks
2000,96,I Don't Wanna,Aaliyah
2000,97,Independent Women Part I,Destiny's Child
2000,98,Gotta Tell You,Samantha Mumba
2000,99,Waiting for Tonight,Jennifer Lopez
2000,100,Shackles (Praise You),Mary Mary
2001,1,Hanging by a Moment,Lifehouse
2001,2,Fallin',Alicia Keys
2001,3,All for You,Janet Jackson
2001,4,Drops of Jupiter (Tell Me),Train
2001,5,I'm Real(Murder Remix),Jennifer LopezfeaturingJa Rule
2001,6,If You're Gone,Matchbox Twenty
2001,7,Let Me Blow Ya Mind,EvefeaturingGwen Stefani
2001,8,Thank You,Dido
2001,9,Again,Lenny Kravitz
2001,10,Independent Women Part I,Destiny's Child
2001,11,Hit 'Em Up Style (Oops!),Blu Cantrell
2001,12,It Wasn't Me,ShaggyfeaturingRikrok
2001,13,Stutter,JoefeaturingMystikal
2001,14,It's Been Awhile,Staind
2001,15,U Remind Me,Usher
2001,16,Where the Party At,Jagged EdgewithNelly
2001,17,Angel,ShaggyfeaturingRayvon
2001,18,Ride wit Me,NellyfeaturingCity Spud
2001,19,Follow Me,Uncle Kracker
2001,20,Peaches & Cream,112
2001,21,Drive,Incubus
2001,22,What Would You Do?,City High
2001,23,Survivor,Destiny's Child
2001,24,Lady Marmalade,"Christina Aguilera,Lil' Kim,MýaandPink"
2001,25,Ms. Jackson,Outkast
2001,26,Love Don't Cost a Thing,Jennifer Lopez
2001,27,The Way You Love Me,Faith Hill
2001,28,He Loves U Not,Dream
2001,29,Butterfly,Crazy Town
2001,30,Put It on Me,Ja RulefeaturingLil' MoandVita
2001,31,Family Affair,Mary J. Blige
2001,32,I Hope You Dance,Lee Ann Womack
2001,33,South Side,MobyfeaturingGwen Stefani
2001,34,Don't Tell Me,Madonna
2001,35,Get Ur Freak On,Missy Elliott
2001,36,Crazy,K-Ci & JoJo
2001,37,Fill Me In,Craig David
2001,38,Someone to Call My Lover,Janet Jackson
2001,39,With Arms Wide Open,Creed
2001,40,Case of the Ex (Whatcha Gonna Do),Mýa
2001,41,All or Nothing,O-Town
2001,42,Bootylicious,Destiny's Child
2001,43,I'm Like a Bird,Nelly Furtado
2001,44,Kryptonite,3 Doors Down
2001,45,Fiesta,R. KellyfeaturingJay-Z
2001,46,When It's Over,Sugar Ray
2001,47,Jaded,Aerosmith
2001,48,Promise,Jagged Edge
2001,49,Missing You,Case
2001,50,Differences,Ginuwine
2001,51,This I Promise You,NSYNC
2001,52,Izzo (H.O.V.A.),Jay-Z
2001,53,Superwoman Pt. II,Lil' MofeaturingFabolous
2001,54,Crazy for This Girl,Evan and Jaron
2001,55,Nobody Wants to Be Lonely,Ricky MartinandChristina Aguilera
2001,56,I Just Wanna Love U (Give It 2 Me),Jay-Z
2001,57,One Minute Man,Missy ElliottfeaturingLudacris
2001,58,Danger (Been So Long),MystikalfeaturingNivea
2001,59,Only Time,Enya
2001,60,I Do!!,Toya
2001,61,Never Had a Dream Come True,S Club 7
2001,62,Stranger in My House,Tamia
2001,63,Irresistible,Jessica Simpson
2001,64,Heard It All Before,Sunshine Anderson
2001,65,The Space Between,Dave Matthews Band
2001,66,There You'll Be,Faith Hill
2001,67,Love,Musiq Soulchild
2001,68,It's Over Now,112
2001,69,No More (Baby I'ma Do Right),3LW
2001,70,Turn Off the Light,Nelly Furtado
2001,71,Ain't Nothing 'bout You,Brooks & Dunn
2001,72,Play,Jennifer Lopez
2001,73,I'm Already There,Lonestar
2001,74,My Baby,Lil' Romeo
2001,75,Beautiful Day,U2
2001,76,Austin,Blake Shelton
2001,77,Southern Hospitality,Ludacris
2001,78,Grown Men Don't Cry,Tim McGraw
2001,79,Livin' It Up,Ja RulefeaturingCase
2001,80,Loverboy,Mariah CareyfeaturingCameo
2001,81,Contagious,The Isley BrothersfeaturingR. KellyandChanté Moore
2001,82,Who I Am,Jessica Andrews
2001,83,Music,Erick SermonfeaturingMarvin Gaye
2001,84,I Wanna Be Bad,Willa Ford
2001,85,Don't Happen Twice,Kenny Chesney
2001,86,One More Day,Diamond Rio
2001,87,I Wish,R. Kelly
2001,88,It's a Great Day to Be Alive,Travis Tritt
2001,89,I'm a Thug,Trick Daddy
2001,90,Here's to the Night,Eve 6
2001,91,You Shouldn't Kiss Me Like This,Toby Keith
2001,92,Get Over Yourself,Eden's Crush
2001,93,Dance with Me,Debelah Morgan
2001,94,"So Fresh, So Clean",Outkast
2001,95,E.I.,Nelly
2001,96,Be Like That,3 Doors Down
2001,97,Most Girls,Pink
2001,98,Oochie Wally,QB FinestfeaturingNasandBravehearts
2001,99,Hero,Enrique Iglesias
2001,100,Hemorrhage (In My Hands),Fuel
2002,1,How You Remind Me,Nickelback
2002,2,Foolish,Ashanti
2002,3,Hot in Herre,Nelly
2002,4,Dilemma,NellyfeaturingKelly Rowland
2002,5,Wherever You Will Go,The Calling
2002,6,A Thousand Miles,Vanessa Carlton
2002,7,In the End,Linkin Park
2002,8,What's Luv?,Fat JoefeaturingAshanti
2002,9,U Got It Bad,Usher
2002,10,Blurry,Puddle of Mudd
2002,11,Complicated,Avril Lavigne
2002,12,Always on Time,Ja RulefeaturingAshanti
2002,13,Ain't It Funny (Murder Remix),Jennifer LopezfeaturingJa Rule
2002,14,The Middle,Jimmy Eat World
2002,15,I Need a Girl (Part One),P. DiddyfeaturingUsherandLoon
2002,16,U Don't Have to Call,Usher
2002,17,Family Affair,Mary J. Blige
2002,18,I Need a Girl (Part Two),"P. DiddyfeaturingGinuwine,LoonandMario Winans"
2002,19,Gangsta Lovin',EvefeaturingAlicia Keys
2002,20,My Sacrifice,Creed
2002,21,Without Me,Eminem
2002,22,Hero,Enrique Iglesias
2002,23,All You Wanted,Michelle Branch
2002,24,Get the Party Started,Pink
2002,25,Hero,Chad KroegerfeaturingJosey Scott
2002,26,Wasting My Time,Default
2002,27,One Last Breath,Creed
2002,28,"Whenever, Wherever",Shakira
2002,29,I'm Gonna Be Alright,Jennifer LopezfeaturingNas
2002,30,Oh Boy,Cam'ronfeaturingJuelz Santana
2002,31,Heaven,DJ SammyfeaturingYanouandDo
2002,32,Hey Baby,No DoubtfeaturingBounty Killer
2002,33,Girlfriend,NSYNCfeaturingNelly
2002,34,Just a Friend 2002,Mario
2002,35,Soak Up the Sun,Sheryl Crow
2002,36,Don't Let Me Get Me,Pink
2002,37,Nothin',N.O.R.E.
2002,38,Oops (Oh My),TweetfeaturingMissy Elliott
2002,39,A Moment Like This,Kelly Clarkson
2002,40,Addictive,Truth HurtsfeaturingRakim
2002,41,Happy,Ashanti
2002,42,No Such Thing,John Mayer
2002,43,Just Like a Pill,Pink
2002,44,Down 4 U,"Ja RulefeaturingAshanti,Charli BaltimoreandVita"
2002,45,Can't Get You Out of My Head,Kylie Minogue
2002,46,Superman (It's Not Easy),Five for Fighting
2002,47,Cleanin' Out My Closet,Eminem
2002,48,Halfcrazy,Musiq Soulchild
2002,49,"Lights, Camera, Action!",Mr. Cheeks
2002,50,Still Fly,Big Tymers
2002,51,A Woman's Worth,Alicia Keys
2002,52,7 Days,Craig David
2002,53,Hey Ma,Cam'ronfeaturingJuelz SantanaandFreekey Zekey
2002,54,Work It,Missy Elliott
2002,55,Move Bitch,LudacrisfeaturingMystikalandI-20
2002,56,Can't Fight the Moonlight,LeAnn Rimes
2002,57,Escape,Enrique Iglesias
2002,58,More Than A Woman,Aaliyah
2002,59,Hella Good,No Doubt
2002,60,I Love You,Faith Evans
2002,61,Gotta Get thru This,Daniel Bedingfield
2002,62,"Pass the Courvoisier, Part II",Busta RhymesfeaturingP. DiddyandPharrell
2002,63,Lose Yourself,Eminem
2002,64,Butterflies,Michael Jackson
2002,65,What About Us?,Brandy
2002,66,Underneath Your Clothes,Shakira
2002,67,Rainy Dayz,Mary J. BligefeaturingJa Rule
2002,68,Differences,Ginuwine
2002,69,If I Could Go!,Angie MartinezfeaturingLil' MoandSacario
2002,70,The Whole World,OutkastfeaturingKiller Mike
2002,71,Underneath It All,No DoubtfeaturingLady Saw
2002,72,Caramel,City HighfeaturingEve
2002,73,Luv U Better,LL Cool J
2002,74,Gimme the Light,Sean Paul
2002,75,Gone,NSYNC
2002,76,Livin' It Up,Ja RulefeaturingCase
2002,77,Rollout (My Business),Ludacris
2002,78,Here Is Gone,Goo Goo Dolls
2002,79,No More Drama,Mary J. Blige
2002,80,Days Go By,Dirty Vegas
2002,81,Baby,Ashanti
2002,82,The Good Stuff,Kenny Chesney
2002,83,We Thuggin',Fat JoefeaturingR. Kelly
2002,84,Good Morning Beautiful,Steve Holy
2002,85,Rock the Boat,Aaliyah
2002,86,Drive (For Daddy Gene),Alan Jackson
2002,87,Standing Still,Jewel
2002,88,Anything,JaheimfeaturingNext
2002,89,Full Moon,Brandy
2002,90,Uh Huh,B2K
2002,91,A New Day Has Come,Celine Dion
2002,92,Turn Off the Light,Nelly Furtado
2002,93,Living and Living Well,George Strait
2002,94,My List,Toby Keith
2002,95,Hands Clean,Alanis Morissette
2002,96,Sk8er Boi,Avril Lavigne
2002,97,Long Time Gone,Dixie Chicks
2002,98,Where Were You (When the World Stopped Turning),Alan Jackson
2002,99,Like I Love You,Justin Timberlake
2002,100,I Do!!,Toya
2003,1,In da Club,50 Cent
2003,2,Ignition (Remix),R. Kelly
2003,3,Get Busy,Sean Paul
2003,4,Crazy in Love,BeyoncéfeaturingJay-Z
2003,5,When I'm Gone,3 Doors Down
2003,6,Unwell,Matchbox Twenty
2003,7,Right Thurr,Chingy
2003,8,Miss You,Aaliyah
2003,9,Picture,Kid RockfeaturingSheryl Crow
2003,10,Bring Me to Life,EvanescencefeaturingPaul McCoy
2003,11,Get Low,Lil Jon & The East Side BoyzfeaturingYing Yang Twins
2003,12,Baby Boy,BeyoncéfeaturingSean Paul
2003,13,Shake Ya Tailfeather,"Nelly,P. DiddyandMurphy Lee"
2003,14,21 Questions,50 CentfeaturingNate Dogg
2003,15,All I Have,Jennifer LopezfeaturingLL Cool J
2003,16,Beautiful,Christina Aguilera
2003,17,I Know What You Want,Busta RhymesandMariah CareyfeaturingFlipmode Squad
2003,18,I'm with You,Avril Lavigne
2003,19,Drift Away,Uncle KrackerfeaturingDobie Gray
2003,20,Magic Stick,Lil' Kimfeaturing50 Cent
2003,21,P.I.M.P.,50 Cent
2003,22,"Bump, Bump, Bump",B2KandP. Diddy
2003,23,Into You,FabolousfeaturingTamia
2003,24,Can't Let You Go,FabolousfeaturingLil' Moand Mike Shorey
2003,25,Mesmerize,Ja RulefeaturingAshanti
2003,26,Where Is the Love?,Black Eyed Peas
2003,27,The Game of Love,SantanafeaturingMichelle Branch
2003,28,Lose Yourself,Eminem
2003,29,Rock wit U (Awww Baby),Ashanti
2003,30,Cry Me a River,Justin Timberlake
2003,31,How You Gonna Act Like That,Tyrese
2003,32,Rock Your Body,Justin Timberlake
2003,33,No Letting Go,Wayne Wonder
2003,34,Frontin',PharrellfeaturingJay-Z
2003,35,Landslide,Dixie Chicks
2003,36,Work It,Missy Elliott
2003,37,'03 Bonnie & Clyde,Jay-ZfeaturingBeyoncé
2003,38,Don't Mess with My Man,NiveafeaturingJagged Edge
2003,39,So Gone,Monica
2003,40,Air Force Ones,"NellyfeaturingMurphy Lee,Ali, andKyjuan"
2003,41,"Never Leave You (Uh Oooh, Uh Oooh)",Lumidee
2003,42,Beautiful,Snoop DoggfeaturingPharrellandCharlie Wilson
2003,43,Gossip Folks,Missy ElliottfeaturingLudacris
2003,44,Miss Independent,Kelly Clarkson
2003,45,Calling All Angels,Train
2003,46,Damn!,YoungBloodZfeaturingLil Jon
2003,47,This Is the Night,Clay Aiken
2003,48,Your Body Is a Wonderland,John Mayer
2003,49,Headstrong,Trapt
2003,50,In Those Jeans,Ginuwine
2003,51,Stand Up,LudacrisfeaturingShawnna
2003,52,The Remedy (I Won't Worry),Jason Mraz
2003,53,Why Don't You & I,SantanafeaturingAlex Band
2003,54,Excuse Me Miss,Jay-Z
2003,55,Jenny from the Block,Jennifer LopezfeaturingJadakissandStyles P
2003,56,Are You Happy Now?,Michelle Branch
2003,57,Forever and for Always,Shania Twain
2003,58,I Can,Nas
2003,59,Underneath It All,No DoubtfeaturingLady Saw
2003,60,If You're Not the One,Daniel Bedingfield
2003,61,Thoia Thoing,R. Kelly
2003,62,Here Without You,3 Doors Down
2003,63,Wanksta,50 Cent
2003,64,My Love Is Like...Wo,Mýa
2003,65,It's Five O'Clock Somewhere,Alan JacksonfeaturingJimmy Buffett
2003,66,Like Glue,Sean Paul
2003,67,Can't Hold Us Down,Christina AguilerafeaturingLil' Kim
2003,68,My Front Porch Looking In,Lonestar
2003,69,Angel,Amanda Perez
2003,70,She Hates Me,Puddle of Mudd
2003,71,Don't Wanna Try,Frankie J
2003,72,The Jump Off,Lil' KimfeaturingMr. Cheeks
2003,73,Intuition,Jewel
2003,74,Hell Yeah,GinuwinefeaturingBaby
2003,75,Beer for My Horses,Toby KeithfeaturingWillie Nelson
2003,76,Holidae In,ChingyfeaturingLudacrisandSnoop Dogg
2003,77,Suga Suga,Baby BashfeaturingFrankie J
2003,78,Love of My Life (An Ode to Hip-Hop),Erykah BadufeaturingCommon
2003,79,Fighter,Christina Aguilera
2003,80,Thugz Mansion,2Pac
2003,81,Clocks,Coldplay
2003,82,Put That Woman First,Jaheim
2003,83,Rain on Me,Ashanti
2003,84,19 Somethin',Mark Wills
2003,85,"Can't Stop, Won't Stop",Young Gunz
2003,86,Red Dirt Road,Brooks & Dunn
2003,87,What Was I Thinkin',Dierks Bentley
2003,88,Flying Without Wings,Ruben Studdard
2003,89,Sing for the Moment,Eminem
2003,90,Have You Forgotten?,Darryl Worley
2003,91,"No Shoes, No Shirt, No Problems",Kenny Chesney
2003,92,Come Over,Aaliyah
2003,93,Sick of Being Lonely,Field Mob
2003,94,Step in the Name of Love,R. Kelly
2003,95,I Want You,ThalíafeaturingFat Joe
2003,96,Like a Stone,Audioslave
2003,97,Don't Know Why,Norah Jones
2003,98,Superman,Eminem
2003,99,Real Good Man,Tim McGraw
2003,100,Say Yes,Floetry
2004,1,Yeah!,UsherfeaturingLil JonandLudacris
2004,2,Burn,Usher
2004,3,If I Ain't Got You,Alicia Keys
2004,4,This Love,Maroon 5
2004,5,The Way You Move,OutKastfeaturingSleepy Brown
2004,6,The Reason,Hoobastank
2004,7,I Don't Wanna Know,Mario WinansfeaturingEnyaandP. Diddy
2004,8,Hey Ya!,OutKast
2004,9,Goodies,CiarafeaturingPetey Pablo
2004,10,Lean Back,Terror SquadfeaturingFat JoeandRemy Ma
2004,11,Tipsy,J-Kwon
2004,12,Confessions Part II,Usher
2004,13,Slow Motion,JuvenilefeaturingSoulja Slim
2004,14,Freek-a-Leek,Petey Pablo
2004,15,Here Without You,3 Doors Down
2004,16,Slow Jamz,TwistafeaturingKanye WestandJamie Foxx
2004,17,Someday,Nickelback
2004,18,Naughty Girl,Beyoncé
2004,19,My Immortal,Evanescence
2004,20,Sunshine,Lil' Flipfeaturing Lea
2004,21,Dirt off Your Shoulder,Jay-Z
2004,22,Move Ya Body,Nina Skyfeaturing Jabba
2004,23,Dip It Low,Christina Milian
2004,24,My Boo,UsherandAlicia Keys
2004,25,One Call Away,ChingyfeaturingJ-Weav
2004,26,"Me, Myself and I",Beyoncé
2004,27,Turn Me On,Kevin LyttlefeaturingSpragga Benz
2004,28,The First Cut Is the Deepest,Sheryl Crow
2004,29,You Don't Know My Name,Alicia Keys
2004,30,My Place,NellyfeaturingJaheim
2004,31,Overnight Celebrity,Twista
2004,32,Hotel,CassidyfeaturingR. Kelly
2004,33,Numb,Linkin Park
2004,34,Diary,Alicia KeysfeaturingTony! Toni! Toné!
2004,35,She Will Be Loved,Maroon 5
2004,36,White Flag,Dido
2004,37,Heaven,Los Lonely Boys
2004,38,It's My Life,No Doubt
2004,39,Pieces of Me,Ashlee Simpson
2004,40,Leave (Get Out),JoJo
2004,41,Milkshake,Kelis
2004,42,Splash Waterfalls,Ludacris
2004,43,Jesus Walks,Kanye West
2004,44,Locked Up,AkonfeaturingStyles P
2004,45,Stand Up,LudacrisfeaturingShawnna
2004,46,Suga Suga,Baby BashfeaturingFrankie J
2004,47,All Falls Down,Kanye WestfeaturingSyleena Johnson
2004,48,Toxic,Britney Spears
2004,49,Salt Shaker,Ying Yang TwinsfeaturingLil Jon & the East Side Boyz
2004,50,With You,Jessica Simpson
2004,51,Meant to Live,Switchfoot
2004,52,I Like That,"HoustonfeaturingChingy,Nate DoggandI-20"
2004,53,Sorry 2004,Ruben Studdard
2004,54,My Happy Ending,Avril Lavigne
2004,55,On Fire,Lloyd Banks
2004,56,Roses,OutKast
2004,57,Walked Outta Heaven,Jagged Edge
2004,58,Lose My Breath,Destiny's Child
2004,59,My Band,D12
2004,60,I'm Still in Love with You,Sean PaulfeaturingSasha
2004,61,Through the Wire,Kanye West
2004,62,Why?,JadakissfeaturingAnthony Hamilton
2004,63,Fuck It (I Don't Want You Back),Eamon
2004,64,Read Your Mind,Avant
2004,65,Game Over (Flip),Lil' Flip
2004,66,One Thing,Finger Eleven
2004,67,Headsprung,LL Cool J
2004,68,Damn!,YoungBloodZfeaturingLil Jon
2004,69,Baby Boy,BeyoncéfeaturingSean Paul
2004,70,Get Low,Lil Jon & the East Side BoyzfeaturingYing Yang Twins
2004,71,Drop It Like It's Hot,Snoop DoggfeaturingPharrell
2004,72,U Should've Known Better,Monica
2004,73,On the Way Down,Ryan Cabrera
2004,74,Breakaway,Kelly Clarkson
2004,75,Why Don't You & I,SantanafeaturingAlex Band
2004,76,Are You Gonna Be My Girl,Jet
2004,77,100 Years,Five for Fighting
2004,78,Step in the Name of Love,R. Kelly
2004,79,Breaking the Habit,Linkin Park
2004,80,Gigolo,Nick CannonfeaturingR. Kelly
2004,81,Live Like You Were Dying,Tim McGraw
2004,82,Remember When,Alan Jackson
2004,83,Everytime,Britney Spears
2004,84,Southside,LloydfeaturingAshanti
2004,85,Dude,Beenie ManfeaturingMs. Thing
2004,86,Wanna Get to Know You,G-UnitfeaturingJoe
2004,87,Holidae In,ChingyfeaturingLudacrisandSnoop Dogg
2004,88,Let's Get It Started,The Black Eyed Peas
2004,89,When the Sun Goes Down,Kenny ChesneyandUncle Kracker
2004,90,American Soldier,Toby Keith
2004,91,Change Clothes,Jay-Z
2004,92,Don't Tell Me,Avril Lavigne
2004,93,You'll Think of Me,Keith Urban
2004,94,Happy People,R. Kelly
2004,95,Hey Mama,The Black Eyed Peas
2004,96,Over and Over,NellyfeaturingTim McGraw
2004,97,Redneck Woman,Gretchen Wilson
2004,98,Just Lose It,Eminem
2004,99,Letters from Home,John Michael Montgomery
2004,100,I Go Back,Kenny Chesney
2005,1,We Belong Together,Mariah Carey
2005,2,Hollaback Girl,Gwen Stefani
2005,3,Let Me Love You,Mario
2005,4,Since U Been Gone,Kelly Clarkson
2005,5,"1, 2 Step",CiarafeaturingMissy Elliott
2005,6,Gold Digger,Kanye WestfeaturingJamie Foxx
2005,7,Boulevard of Broken Dreams,Green Day
2005,8,Candy Shop,50 CentfeaturingOlivia
2005,9,Don't Cha,The Pussycat DollsfeaturingBusta Rhymes
2005,10,Behind These Hazel Eyes,Kelly Clarkson
2005,11,Disco Inferno,50 Cent
2005,12,You and Me,Lifehouse
2005,13,Don't Phunk with My Heart,The Black Eyed Peas
2005,14,Lose Control,Missy ElliottfeaturingCiaraandFatman Scoop
2005,15,Shake It Off,Mariah Carey
2005,16,Mr. Brightside,The Killers
2005,17,Just a Lil Bit,50 Cent
2005,18,Pon de Replay,Rihanna
2005,19,How We Do,The Gamefeaturing50 Cent
2005,20,Beverly Hills,Weezer
2005,21,Oh,CiarafeaturingLudacris
2005,22,Lonely No More,Rob Thomas
2005,23,Drop It Like It's Hot,Snoop DoggfeaturingPharrell
2005,24,Hate It or Love It,The Gamefeaturing50 Cent
2005,25,Lovers & Friends,Lil Jon & the East Side BoyzfeaturingUsherandLudacris
2005,26,Soldier,Destiny's ChildfeaturingT.I.andLil Wayne
2005,27,Breakaway,Kelly Clarkson
2005,28,Switch,Will Smith
2005,29,Let Me Hold You,Bow WowfeaturingOmarion
2005,30,Like You,Bow WowfeaturingCiara
2005,31,Rich Girl,Gwen StefanifeaturingEve
2005,32,My Humps,The Black Eyed Peas
2005,33,Obsession (No Es Amor),Frankie JfeaturingBaby Bash
2005,34,Caught Up,Usher
2005,35,Listen to Your Heart,DHTfeaturingEdmee
2005,36,Scars,Papa Roach
2005,37,Feel Good Inc.,Gorillaz
2005,38,Let Me Go,3 Doors Down
2005,39,Holiday,Green Day
2005,40,"Sugar, We're Goin Down",Fall Out Boy
2005,41,Grind with Me,Pretty Ricky
2005,42,Run It!,Chris BrownfeaturingJuelz Santana
2005,43,Photograph,Nickelback
2005,44,Lonely,Akon
2005,45,Collide,Howie Day
2005,46,Wake Me Up When September Ends,Green Day
2005,47,Slow Down,Bobby Valentino
2005,48,Over and Over,NellyfeaturingTim McGraw
2005,49,Some Cut,Trillvillefeaturing Cutty
2005,50,Get It Poppin',Fat JoefeaturingNelly
2005,51,Play,David Banner
2005,52,Soul Survivor,Young JeezyfeaturingAkon
2005,53,Pimpin' All Over the World,LudacrisfeaturingBobby Valentino
2005,54,My Boo,UsherandAlicia Keys
2005,55,Sugar (Gimme Some),"Trick DaddyfeaturingLudacris,Lil' KimandCee Lo Green"
2005,56,Karma,Alicia Keys
2005,57,Speed of Sound,Coldplay
2005,58,I Don't Want to Be,Gavin DeGraw
2005,59,Mockingbird,Eminem
2005,60,La Tortura,ShakirafeaturingAlejandro Sanz
2005,61,She Will Be Loved,Maroon 5
2005,62,Baby I'm Back,Baby BashfeaturingAkon
2005,63,Wait (The Whisper Song),Ying Yang Twins
2005,64,Incomplete,Backstreet Boys
2005,65,Bring Em Out,T.I.
2005,66,Cater 2 U,Destiny's Child
2005,67,1 Thing,Amerie
2005,68,Best of You,Foo Fighters
2005,69,It's Like That,Mariah CareyfeaturingJermaine DupriandFatman Scoop
2005,70,Goin' Crazy,Natalie
2005,71,Inside Your Heaven,Carrie Underwood
2005,72,Because of You,Kelly Clarkson
2005,73,Truth Is,Fantasia
2005,74,Your Body,Pretty Ricky
2005,75,Beautiful Soul,Jesse McCartney
2005,76,Cool,Gwen Stefani
2005,77,Get Back,Ludacris
2005,78,Outta Control,50 CentfeaturingMobb Deep
2005,79,U Don't Know Me,T.I.
2005,80,These Words,Natasha Bedingfield
2005,81,Don't Lie,The Black Eyed Peas
2005,82,Get Right,Jennifer Lopez
2005,83,Daughters,John Mayer
2005,84,As Good as I Once Was,Toby Keith
2005,85,Girlfight,Brooke ValentinefeaturingLil JonandBig Boi
2005,86,Lose My Breath,Destiny's Child
2005,87,Ordinary People,John Legend
2005,88,We Be Burnin',Sean Paul
2005,89,Just the Girl,The Click Five
2005,90,True,Ryan Cabrera
2005,91,O,Omarion
2005,92,Back Then,Mike Jones
2005,93,Numb/Encore,Jay-ZandLinkin Park
2005,94,Wonderful,Ja RulefeaturingR. KellyandAshanti
2005,95,I'm Sprung,T-Pain
2005,96,Chariot,Gavin DeGraw
2005,97,U Already Know,112featuringFoxy Brown
2005,98,Mississippi Girl,Faith Hill
2005,99,Number One Spot,Ludacris
2005,100,Give Me That,WebbiefeaturingBun B
2006,1,Bad Day,Daniel Powter
2006,2,Temperature,Sean Paul
2006,3,Promiscuous,Nelly FurtadofeaturingTimbaland
2006,4,You're Beautiful,James Blunt
2006,5,Hips Don't Lie,ShakirafeaturingWyclef Jean
2006,6,Unwritten,Natasha Bedingfield
2006,7,Crazy,Gnarls Barkley
2006,8,Ridin',ChamillionairefeaturingKrayzie Bone
2006,9,SexyBack,Justin TimberlakefeaturingTimbaland
2006,10,Check on It,BeyoncéfeaturingSlim ThugandBun B
2006,11,Be Without You,Mary J. Blige
2006,12,Grillz,NellyfeaturingPaul WallandAli & Gipp
2006,13,Over My Head (Cable Car),The Fray
2006,14,Me & U,Cassie
2006,15,Buttons,Pussycat DollsfeaturingSnoop Dogg
2006,16,Run It!,Chris BrownfeaturingJuelz Santana
2006,17,So Sick,Ne-Yo
2006,18,It's Goin' Down,Yung JocfeaturingNitti
2006,19,SOS,Rihanna
2006,20,I Write Sins Not Tragedies,Panic! at the Disco
2006,21,Move Along,The All-American Rejects
2006,22,London Bridge,Fergie
2006,23,Dani California,Red Hot Chili Peppers
2006,24,Snap Yo Fingers,Lil JonfeaturingE-40andSean Paul
2006,25,"Lean wit It, Rock wit It",Dem Franchize Boyzfeaturing Peanut and Charlay
2006,26,What Hurts the Most,Rascal Flatts
2006,27,How to Save a Life,The Fray
2006,28,Unfaithful,Rihanna
2006,29,Chasing Cars,Snow Patrol
2006,30,Lips of an Angel,Hinder
2006,31,Everytime We Touch,Cascada
2006,32,Ain't No Other Man,Christina Aguilera
2006,33,"Dance, Dance",Fall Out Boy
2006,34,Gold Digger,Kanye WestfeaturingJamie Foxx
2006,35,Money Maker,LudacrisfeaturingPharrell
2006,36,Ms. New Booty,Bubba SparxxxfeaturingYing Yang Twins
2006,37,(When You Gonna) Give It Up to Me,Sean PaulfeaturingKeyshia Cole
2006,38,Photograph,Nickelback
2006,39,Because of You,Kelly Clarkson
2006,40,Stickwitu,Pussycat Dolls
2006,41,I'm 'n Luv (wit a Stripper),T-PainfeaturingMike Jones
2006,42,My Humps,The Black Eyed Peas
2006,43,Where'd You Go,Fort MinorfeaturingHolly BrookandJonah Matranga
2006,44,Yo (Excuse Me Miss),Chris Brown
2006,45,Walk Away,Kelly Clarkson
2006,46,Laffy Taffy,D4L
2006,47,What You Know,T.I.
2006,48,Dirty Little Secret,The All-American Rejects
2006,49,Savin' Me,Nickelback
2006,50,Don't Forget About Us,Mariah Carey
2006,51,Sexy Love,Ne-Yo
2006,52,U and Dat,E-40featuringT-PainandKandi Girl
2006,53,Far Away,Nickelback
2006,54,What's Left of Me,Nick Lachey
2006,55,So What,Field MobfeaturingCiara
2006,56,Do It to It,CherishfeaturingSean Paul of the YoungBloodZ
2006,57,Black Horse and the Cherry Tree,KT Tunstall
2006,58,There It Go (The Whistle Song),Juelz Santana
2006,59,Shoulder Lean,Young DrofeaturingT.I.
2006,60,Unpredictable,Jamie FoxxfeaturingLudacris
2006,61,My Love,Justin TimberlakefeaturingT.I.
2006,62,Shake That,EminemfeaturingNate Dogg
2006,63,Pullin' Me Back,ChingyfeaturingTyrese
2006,64,Bossy,KelisfeaturingToo Short
2006,65,Chain Hang Low,Jibbs
2006,66,Smack That,AkonfeaturingEminem
2006,67,One Wish,Ray J
2006,68,"Sugar, We're Goin Down",Fall Out Boy
2006,69,Gimme That,Chris BrownfeaturingLil Wayne
2006,70,I Know You See It,Yung Joc
2006,71,Who Says You Can't Go Home,Bon JovifeaturingJennifer Nettles
2006,72,Too Little Too Late,JoJo
2006,73,Touch It,Busta Rhymes
2006,74,Rompe,Daddy Yankee
2006,75,Déjà Vu,BeyoncéfeaturingJay-Z
2006,76,Life Is a Highway,Rascal Flatts
2006,77,Call Me When You're Sober,Evanescence
2006,78,"Jesus, Take the Wheel",Carrie Underwood
2006,79,Show Stopper,Danity KanefeaturingYung Joc
2006,80,Get Up,CiarafeaturingChamillionaire
2006,81,We Be Burnin',Sean Paul
2006,82,Hate Me,Blue October
2006,83,You and Me,Lifehouse
2006,84,Beep,Pussycat Dollsfeaturingwill.i.am
2006,85,I Think They Like Me,"Dem Franchize BoyzfeaturingJermaine Dupri,Da BratandBow Wow"
2006,86,Say Goodbye,Chris Brown
2006,87,Waiting on the World to Change,John Mayer
2006,88,Soul Survivor,Young JeezyfeaturingAkon
2006,89,Pump It,The Black Eyed Peas
2006,90,When I'm Gone,Eminem
2006,91,Hung Up,Madonna
2006,92,Stay Fly,Three 6 MafiafeaturingYoung Buckand8Ball & MJG
2006,93,Love,Keyshia Cole
2006,94,When You're Mad,Ne-Yo
2006,95,Why You Wanna,T.I.
2006,96,Stupid Girls,Pink
2006,97,Feel Good Inc.,Gorillaz
2006,98,I'm Sprung,T-Pain
2006,99,Do I Make You Proud,Taylor Hicks
2006,100,For You I Will (Confidence),Teddy Geiger
2007,1,Irreplaceable,Beyoncé
2007,2,Umbrella,RihannafeaturingJay-Z
2007,3,The Sweet Escape,Gwen StefanifeaturingAkon
2007,4,Big Girls Don't Cry,Fergie
2007,5,Buy U a Drank (Shawty Snappin'),T-PainfeaturingYung Joc
2007,6,Before He Cheats,Carrie Underwood
2007,7,Hey There Delilah,Plain White T's
2007,8,I Wanna Love You,AkonfeaturingSnoop Dogg
2007,9,Say It Right,Nelly Furtado
2007,10,Glamorous,FergiefeaturingLudacris
2007,11,Don't Matter,Akon
2007,12,Girlfriend,Avril Lavigne
2007,13,Makes Me Wonder,Maroon 5
2007,14,Party Like a Rockstar,Shop Boyz
2007,15,Smack That,AkonfeaturingEminem
2007,16,This Is Why I'm Hot,Mims
2007,17,It's Not Over,Daughtry
2007,18,The Way I Are,TimbalandfeaturingKeri Hilson
2007,19,Fergalicious,Fergiefeaturingwill.i.am
2007,20,Crank That (Soulja Boy),Soulja Boy Tell 'Em
2007,21,Give It to Me,TimbalandfeaturingNelly FurtadoandJustin Timberlake
2007,22,What Goes Around... Comes Around,Justin Timberlake
2007,23,Cupid's Chokehold,Gym Class HeroesfeaturingPatrick Stump
2007,24,How to Save a Life,The Fray
2007,25,Home,Daughtry
2007,26,My Love,Justin TimberlakefeaturingT.I.
2007,27,Stronger,Kanye West
2007,28,We Fly High,Jim Jones
2007,29,U + Ur Hand,Pink
2007,30,Walk It Out,Unk
2007,31,Beautiful Girls,Sean Kingston
2007,32,"This Ain't a Scene, It's an Arms Race",Fall Out Boy
2007,33,Bartender,T-PainfeaturingAkon
2007,34,"Pop, Lock & Drop It",Huey
2007,35,Runaway Love,LudacrisfeaturingMary J. Blige
2007,36,Rockstar,Nickelback
2007,37,Thnks fr th Mmrs,Fall Out Boy
2007,38,What I've Done,Linkin Park
2007,39,Summer Love,Justin Timberlake
2007,40,You,LloydfeaturingLil Wayne
2007,41,Wait for You,Elliott Yamin
2007,42,Last Night,DiddyfeaturingKeyshia Cole
2007,43,Make It Rain,Fat JoefeaturingLil Wayne
2007,44,Make Me Better,FabolousfeaturingNe-Yo
2007,45,Ice Box,Omarion
2007,46,Lips of an Angel,Hinder
2007,47,Waiting on the World to Change,John Mayer
2007,48,Lost Without U,Robin Thicke
2007,49,I'm a Flirt,R. KellyorBow WowfeaturingT.I.andT-Pain
2007,50,If Everyone Cared,Nickelback
2007,51,Get It Shawty,Lloyd
2007,52,Face Down,The Red Jumpsuit Apparatus
2007,53,The Way I Live,Baby Boy da Prince
2007,54,Shortie Like Mine,Bow WowfeaturingChris BrownandJohntá Austin
2007,55,It Ends Tonight,The All-American Rejects
2007,56,A Bay Bay,Hurricane Chris
2007,57,Because of You,Ne-Yo
2007,58,I Tried,Bone Thugs-n-HarmonyfeaturingAkon
2007,59,Welcome To The Black Parade,My Chemical Romance
2007,60,Shawty,PliesfeaturingT-Pain
2007,61,Chasing Cars,Snow Patrol
2007,62,Beautiful Liar,BeyoncéandShakira
2007,63,SexyBack,Justin TimberlakefeaturingTimbaland
2007,64,Keep Holding On,Avril Lavigne
2007,65,Let It Go,Keyshia ColefeaturingMissy ElliottandLil' Kim
2007,66,Apologize,OneRepublic
2007,67,Bubbly,Colbie Caillat
2007,68,Like a Boy,Ciara
2007,69,Who Knew,Pink
2007,70,Never Again,Kelly Clarkson
2007,71,Promise,Ciara
2007,72,Bed,J. Holiday
2007,73,Throw Some D's,Rich BoyfeaturingPolow da Don
2007,74,Rehab,Amy Winehouse
2007,75,Big Shit Poppin' (Do It),T.I.
2007,76,No One,Alicia Keys
2007,77,The Great Escape,Boys Like Girls
2007,78,2 Step,Unk
2007,79,Walk Away (Remember Me),Paula DeAndafeaturingThe D.E.Y.
2007,80,Go Getta,Young JeezyfeaturingR. Kelly
2007,81,Here (In Your Arms),Hellogoodbye
2007,82,On the Hotline,Pretty Ricky
2007,83,Wind It Up,Gwen Stefani
2007,84,Cyclone,Baby BashfeaturingT-Pain
2007,85,Break It Off,RihannafeaturingSean Paul
2007,86,First Time,Lifehouse
2007,87,Ayo Technology,50 CentfeaturingJustin TimberlakeandTimbaland
2007,88,Outta My System,Bow WowfeaturingT-PainandJohntá Austin
2007,89,Teardrops on My Guitar,Taylor Swift
2007,90,Shut Up and Drive,Rihanna
2007,91,Snow (Hey Oh),Red Hot Chili Peppers
2007,92,Money Maker,LudacrisfeaturingPharrell
2007,93,Kiss Kiss,Chris BrownfeaturingT-Pain
2007,94,Far Away,Nickelback
2007,95,Rock Yo Hips,Crime MobandLil' Scrappy
2007,96,LoveStoned,Justin Timberlake
2007,97,Better than Me,Hinder
2007,98,Paralyzer,Finger Eleven
2007,99,That's That,Snoop DoggfeaturingR. Kelly
2007,100,Same Girl,R. KellyfeaturingUsher
2008,1,Low,Flo RidafeaturingT-Pain
2008,2,Bleeding Love,Leona Lewis
2008,3,No One,Alicia Keys
2008,4,Lollipop,Lil WaynefeaturingStatic Major
2008,5,Apologize,OneRepublic
2008,6,No Air,Jordin SparksandChris Brown
2008,7,Love Song,Sara Bareilles
2008,8,Love in This Club,UsherfeaturingYoung Jeezy
2008,9,With You,Chris Brown
2008,11,Sexy Can I,Ray JfeaturingYung Berg
2008,12,Take a Bow,Rihanna
2008,13,Viva la Vida,Coldplay
2008,14,I Kissed a Girl,Katy Perry
2008,15,Whatever You Like,T.I.
2008,16,Disturbia,Rihanna
2008,18,Pocketful of Sunshine,Natasha Bedingfield
2008,19,Kiss Kiss,Chris BrownfeaturingT-Pain
2008,20,Closer,Ne-Yo
2008,21,Bubbly,Colbie Caillat
2008,22,Touch My Body,Mariah Carey
2008,23,4 Minutes,MadonnafeaturingJustin TimberlakeandTimbaland
2008,24,So What,Pink
2008,25,Paralyzer,Finger Eleven
2008,26,Clumsy,Fergie
2008,27,I'm Yours,Jason Mraz
2008,28,Leavin',Jesse McCartney
2008,29,Dangerous,Kardinal OffishallfeaturingAkon
2008,30,Tattoo,Jordin Sparks
2008,31,See You Again,Miley Cyrus
2008,32,Shake It,Metro Station
2008,33,Stop and Stare,OneRepublic
2008,34,Take You There,Sean Kingston
2008,35,Paper Planes,M.I.A.
2008,36,Hot n Cold,Katy Perry
2008,37,Live Your Life,T.I.featuringRihanna
2008,38,Bust It Baby (Part 2),PliesfeaturingNe-Yo
2008,39,American Boy,EstellefeaturingKanye West
2008,40,Got Money,Lil WaynefeaturingT-Pain
2008,41,Our Song,Taylor Swift
2008,42,Damaged,Danity Kane
2008,43,A Milli,Lil Wayne
2008,44,Sorry,Buckcherry
2008,45,Independent,WebbiefeaturingLil BoosieandLil Phat
2008,46,Can't Believe It,T-PainfeaturingLil Wayne
2008,47,Like You'll Never See Me Again,Alicia Keys
2008,48,Teardrops on My Guitar,Taylor Swift
2008,49,When I Grow Up,Pussycat Dolls
2008,50,Sexual Eruption,Snoop Dogg
2008,51,What You Got,Colby O'DonisfeaturingAkon
2008,52,It's Not My Time,3 Doors Down
2008,53,Better in Time,Leona Lewis
2008,54,Crank That (Soulja Boy),Soulja Boy Tell 'Em
2008,55,Shadow of the Day,Linkin Park
2008,56,Sweetest Girl (Dollar Bill),"Wyclef JeanfeaturingAkon,Lil WayneandNiia"
2008,57,Miss Independent,Ne-Yo
2008,58,Fall for You,Secondhand Serenade
2008,59,In the Ayer,Flo Ridafeaturingwill.i.am
2008,60,Say,John Mayer
2008,61,One Step at a Time,Jordin Sparks
2008,62,Hate That I Love You,RihannafeaturingNe-Yo
2008,63,Superstar,Lupe FiascofeaturingMatthew Santos
2008,64,Suffocate,J. Holiday
2008,65,Let It Rock,Kevin RudolffeaturingLil Wayne
2008,66,Get Like Me,David BannerfeaturingChris BrownandYung Joc
2008,67,Realize,Colbie Caillat
2008,68,Put On,Young JeezyfeaturingKanye West
2008,69,The Time of My Life,David Cook
2008,70,Lolli Lolli (Pop That Body),Three 6 Mafia
2008,71,Cyclone,Baby BashfeaturingT-Pain
2008,72,Love Like This,Natasha BedingfieldfeaturingSean Kingston
2008,73,Burnin' Up,Jonas Brothers
2008,74,Love Lockdown,Kanye West
2008,75,I Luv Your Girl,The-Dream
2008,76,Crush,David Archuleta
2008,77,Hypnotized,PliesfeaturingAkon
2008,78,Big Girls Don't Cry,Fergie
2008,79,Good Life,Kanye WestfeaturingT-Pain
2008,80,Womanizer,Britney Spears
2008,81,Love Story,Taylor Swift
2008,82,Just Fine,Mary J. Blige
2008,83,Piece of Me,Britney Spears
2008,84,The Boss,Rick RossfeaturingT-Pain
2008,85,All Summer Long,Kid Rock
2008,86,Can't Help but Wait,Trey Songz
2008,87,In Love with a Girl,Gavin DeGraw
2008,88,My Life,The GamefeaturingLil Wayne
2008,89,I Remember,Keyshia Cole
2008,90,Flashing Lights,Kanye WestfeaturingDwele
2008,91,Mrs. Officer,Lil WaynefeaturingBobby ValentinoandKidd Kidd
2008,92,7 Things,Miley Cyrus
2008,93,You're Gonna Miss This,Trace Adkins
2008,94,Love Remains the Same,Gavin Rossdale
2008,95,Feels Like Tonight,Daughtry
2008,96,The Way I Are,TimbalandfeaturingKeri Hilson
2008,97,Addicted,Saving Abel
2008,98,Into the Night,SantanafeaturingChad Kroeger
2008,99,Heaven Sent,Keyshia Cole
2008,100,She Got It,2 PistolsfeaturingT-PainandTay Dizm
2009,1,Boom Boom Pow,The Black Eyed Peas
2009,2,Poker Face,Lady Gaga
2009,3,Just Dance,Lady GagafeaturingColby O'Donis
2009,4,I Gotta Feeling,The Black Eyed Peas
2009,5,Love Story,Taylor Swift
2009,6,Right Round,Flo Rida
2009,7,I'm Yours,Jason Mraz
2009,8,Single Ladies (Put a Ring on It),Beyoncé
2009,9,Heartless,Kanye West
2009,10,Gives You Hell,The All-American Rejects
2009,11,You Belong with Me,Taylor Swift
2009,12,Dead and Gone,T.I.featuringJustin Timberlake
2009,13,You Found Me,The Fray
2009,14,Use Somebody,Kings of Leon
2009,15,Knock You Down,Keri HilsonfeaturingKanye WestandNe-Yo
2009,16,Blame It,Jamie FoxxfeaturingT-Pain
2009,17,I Know You Want Me (Calle Ocho),Pitbull
2009,18,Live Your Life,T.I.featuringRihanna
2009,19,Kiss Me thru the Phone,Soulja Boy Tell 'EmfeaturingSammie
2009,20,Down,Jay SeanfeaturingLil Wayne
2009,21,The Climb,Miley Cyrus
2009,22,Best I Ever Had,Drake
2009,23,My Life Would Suck Without You,Kelly Clarkson
2009,24,Halo,Beyoncé
2009,25,Hot n Cold,Katy Perry
2009,26,Second Chance,Shinedown
2009,27,Circus,Britney Spears
2009,28,Day 'n' Nite,Kid Cudi
2009,29,Party in the U.S.A.,Miley Cyrus
2009,30,Don't Trust Me,3OH!3
2009,31,Run This Town,Jay-ZfeaturingRihannaandKanye West
2009,32,Let It Rock,Kevin RudolffeaturingLil Wayne
2009,33,Fire Burning,Sean Kingston
2009,34,Whatcha Say,Jason Derulo
2009,35,LoveGame,Lady Gaga
2009,36,Waking Up in Vegas,Katy Perry
2009,37,Birthday Sex,Jeremih
2009,38,Sober,Pink
2009,39,Womanizer,Britney Spears
2009,40,Whatever You Like,T.I.
2009,41,Obsessed,Mariah Carey
2009,42,Mad,Ne-Yo
2009,43,Good Girls Go Bad,Cobra StarshipfeaturingLeighton Meester
2009,44,Love Lockdown,Kanye West
2009,45,So What,Pink
2009,46,Hotel Room Service,Pitbull
2009,47,Crack a Bottle,"Eminem,Dr. Dreand50 Cent"
2009,48,If I Were a Boy,Beyoncé
2009,49,Turnin Me On,Keri HilsonfeaturingLil Wayne
2009,50,I Hate This Part,Pussycat Dolls
2009,51,Gotta Be Somebody,Nickelback
2009,52,Please Don't Leave Me,Pink
2009,53,Paparazzi,Lady Gaga
2009,54,Beautiful,AkonfeaturingColby O'DonisandKardinal Offishall
2009,55,Viva la Vida,Coldplay
2009,56,Right Now (Na Na Na),Akon
2009,57,Battlefield,Jordin Sparks
2009,58,Sugar,Flo RidafeaturingWynter
2009,59,Miss Independent,Ne-Yo
2009,60,Fireflies,Owl City
2009,61,New Divide,Linkin Park
2009,62,Empire State of Mind,Jay-ZfeaturingAlicia Keys
2009,63,No Surprise,Daughtry
2009,64,She Wolf,Shakira
2009,65,Break Up,MariofeaturingGucci ManeandSean Garrett
2009,66,Sweet Dreams,Beyoncé
2009,67,Every Girl,Young Money
2009,68,Fallin' for You,Colbie Caillat
2009,69,Untouched,The Veronicas
2009,70,If Today Was Your Last Day,Nickelback
2009,71,Throw It in the Bag,FabolousfeaturingThe-Dream
2009,72,Love Drunk,Boys Like Girls
2009,73,I Love College,Asher Roth
2009,74,If U Seek Amy,Britney Spears
2009,75,Big Green Tractor,Jason Aldean
2009,76,White Horse,Taylor Swift
2009,77,Disturbia,Rihanna
2009,78,21 Guns,Green Day
2009,79,Turn My Swag On,Soulja Boy Tell 'Em
2009,80,Rockin' That Thang,The-Dream
2009,81,Chicken Fried,Zac Brown Band
2009,82,Diva,Beyoncé
2009,83,Replay,Iyaz
2009,84,Then,Brad Paisley
2009,85,Her Diamonds,Rob Thomas
2009,86,How Do You Sleep?,Jesse McCartneyfeaturingLudacris
2009,87,3,Britney Spears
2009,88,Forever,"DrakefeaturingKanye West,Lil WayneandEminem"
2009,89,One Time,Justin Bieber
2009,90,I Run to You,Lady Antebellum
2009,91,I Do Not Hook Up,Kelly Clarkson
2009,92,Green Light,John LegendfeaturingAndré 3000
2009,93,People Are Crazy,Billy Currington
2009,94,Whatever It Is,Zac Brown Band
2009,95,Already Gone,Kelly Clarkson
2009,96,Goodbye,Kristinia DeBarge
2009,97,Say Hey (I Love You),Michael Franti & SpearheadfeaturingCherine Anderson
2009,98,Pop Champagne,Jim JonesfeaturingRon BrowzandJuelz Santana
2009,99,Pretty Wings,Maxwell
2009,100,Never Say Never,The Fray
2010,1,Tik Tok,Kesha
2010,2,Need You Now,Lady Antebellum
2010,3,"Hey, Soul Sister",Train
2010,4,California Gurls,Katy PerryfeaturingSnoop Dogg
2010,5,OMG,Usherfeaturingwill.i.am
2010,6,Airplanes,B.o.BfeaturingHayley Williams
2010,7,Love the Way You Lie,EminemfeaturingRihanna
2010,8,Bad Romance,Lady Gaga
2010,9,Dynamite,Taio Cruz
2010,10,Break Your Heart,Taio CruzfeaturingLudacris
2010,11,Nothin' on You,B.o.BfeaturingBruno Mars
2010,12,I Like It,Enrique IglesiasfeaturingPitbull
2010,13,BedRock,Young MoneyfeaturingLloyd
2010,14,In My Head,Jason Derulo
2010,15,Rude Boy,Rihanna
2010,16,Telephone,Lady GagafeaturingBeyoncé
2010,17,Teenage Dream,Katy Perry
2010,18,Just the Way You Are,Bruno Mars
2010,19,Cooler Than Me,Mike Posner
2010,20,Imma Be,The Black Eyed Peas
2010,21,Empire State of Mind,Jay-ZfeaturingAlicia Keys
2010,22,DJ Got Us Fallin' in Love,UsherfeaturingPitbull
2010,23,Billionaire,Travie McCoyfeaturingBruno Mars
2010,24,Not Afraid,Eminem
2010,25,Replay,Iyaz
2010,26,Sexy Bitch,David GuettafeaturingAkon
2010,27,Breakeven,The Script
2010,28,Your Love Is My Drug,Kesha
2010,29,I Gotta Feeling,The Black Eyed Peas
2010,30,Fireflies,Owl City
2010,31,Say Aah,Trey SongzfeaturingFabolous
2010,32,Find Your Love,Drake
2010,33,Alejandro,Lady Gaga
2010,34,Ridin' Solo,Jason Derulo
2010,35,Just a Dream,Nelly
2010,36,How Low,Ludacris
2010,37,Like a G6,Far East MovementfeaturingThe CataracsandDev
2010,38,Carry Out,TimbalandfeaturingJustin Timberlake
2010,39,Haven't Met You Yet,Michael Bublé
2010,40,Club Can't Handle Me,Flo RidafeaturingDavid Guetta
2010,41,Down,Jay SeanfeaturingLil Wayne
2010,42,Bulletproof,La Roux
2010,43,Whatcha Say,Jason Derulo
2010,44,Baby,Justin BieberfeaturingLudacris
2010,45,Whataya Want from Me,Adam Lambert
2010,46,Mine,Taylor Swift
2010,47,Only Girl (In the World),Rihanna
2010,48,Live Like We're Dying,Kris Allen
2010,49,Hard,RihannafeaturingJeezy
2010,50,Young Forever,Jay-ZfeaturingMr Hudson
2010,51,Blah Blah Blah,Keshafeaturing3OH!3
2010,52,Bottoms Up,Trey SongzfeaturingNicki Minaj
2010,53,Do You Remember,Jay SeanfeaturingSean PaulandLil Jon
2010,54,All the Right Moves,OneRepublic
2010,55,According to You,Orianthi
2010,56,My Chick Bad,LudacrisfeaturingNicki Minaj
2010,57,You Belong with Me,Taylor Swift
2010,58,Meet Me Halfway,The Black Eyed Peas
2010,59,Take It Off,Kesha
2010,60,Over,Drake
2010,61,Animal,Neon Trees
2010,62,Misery,Maroon 5
2010,63,Magic,B.o.BfeaturingRivers Cuomo
2010,64,Paparazzi,Lady Gaga
2010,65,Tie Me Down,New BoyzfeaturingRay J
2010,66,Your Love,Nicki Minaj
2010,67,Party in the U.S.A.,Miley Cyrus
2010,68,Deuces,Chris BrownfeaturingTygaandKevin McCall
2010,69,3,Britney Spears
2010,70,Impossible,Shontelle
2010,71,Forever,"DrakefeaturingKanye West,Lil WayneandEminem"
2010,72,Two Is Better Than One,Boys Like GirlsfeaturingTaylor Swift
2010,73,My First Kiss,3OH!3featuringKesha
2010,74,Already Gone,Kelly Clarkson
2010,75,Rock That Body,The Black Eyed Peas
2010,76,Secrets,OneRepublic
2010,77,Naturally,Selena Gomez & the Scene
2010,78,Un-Thinkable (I'm Ready),Alicia Keys
2010,79,All I Do Is Win,"DJ KhaledfeaturingT-Pain,Ludacris,Snoop DoggandRick Ross"
2010,80,I Made It (Cash Money Heroes),"Kevin RudolffeaturingBirdman,Jay SeanandLil Wayne"
2010,81,Stuck Like Glue,Sugarland
2010,82,Hey Daddy (Daddy's Home),UsherfeaturingPlies
2010,83,There Goes My Baby,Usher
2010,84,Today Was a Fairytale,Taylor Swift
2010,85,Say Something,TimbalandfeaturingDrake
2010,86,Sweet Dreams,Beyoncé
2010,87,Use Somebody,Kings of Leon
2010,88,Undo It,Carrie Underwood
2010,89,Eenie Meenie,Sean KingstonandJustin Bieber
2010,90,Right Above It,Lil WaynefeaturingDrake
2010,91,The House That Built Me,Miranda Lambert
2010,92,If I Die Young,The Band Perry
2010,93,The Only Exception,Paramore
2010,94,American Honey,Lady Antebellum
2010,95,King of Anything,Sara Bareilles
2010,96,Life After You,Daughtry
2010,97,Smile,Uncle Kracker
2010,98,Teach Me How to Dougie,Cali Swag District
2010,99,Try Sleeping with a Broken Heart,Alicia Keys
2010,100,"Lover, Lover",Jerrod Niemann
2011,1,Rolling in the Deep,Adele
2011,2,Party Rock Anthem,LMFAOfeaturingLauren BennettandGoonRock
2011,3,Firework,Katy Perry
2011,4,E.T.,Katy PerryfeaturingKanye West
2011,5,Give Me Everything,"PitbullfeaturingNe-Yo,AfrojackandNayer"
2011,6,Grenade,Bruno Mars
2011,7,Fuck You (Forget You),CeeLo Green
2011,8,Super Bass,Nicki Minaj
2011,9,Moves like Jagger,Maroon 5featuringChristina Aguilera
2011,10,Just Can't Get Enough,The Black Eyed Peas
2011,11,On the Floor,Jennifer LopezfeaturingPitbull
2011,12,S&M,Rihanna
2011,13,Pumped Up Kicks,Foster the People
2011,14,Last Friday Night (T.G.I.F.),Katy Perry
2011,15,Just the Way You Are,Bruno Mars
2011,16,Tonight (I'm Lovin' You),Enrique IglesiasfeaturingLudacrisandDJ Frank E
2011,17,Raise Your Glass,Pink
2011,18,Born This Way,Lady Gaga
2011,19,Fuckin' Perfect,Pink
2011,20,What's My Name?,RihannafeaturingDrake
2011,21,Look at Me Now,Chris BrownfeaturingLil WayneandBusta Rhymes
2011,22,Down on Me,Jeremihfeaturing50 Cent
2011,23,How to Love,Lil Wayne
2011,24,Someone Like You,Adele
2011,25,Good Life,OneRepublic
2011,26,The Lazy Song,Bruno Mars
2011,27,Till the World Ends,Britney Spears
2011,28,The Show Goes On,Lupe Fiasco
2011,29,The Edge of Glory,Lady Gaga
2011,30,We R Who We R,Kesha
2011,31,Black and Yellow,Wiz Khalifa
2011,32,Tonight Tonight,Hot Chelle Rae
2011,33,Blow,Kesha
2011,34,Lighters,Bad Meets EvilfeaturingBruno Mars
2011,35,If I Die Young,The Band Perry
2011,36,Stereo Hearts,Gym Class HeroesfeaturingAdam Levine
2011,37,The Time (Dirty Bit),The Black Eyed Peas
2011,38,Coming Home,Diddy – Dirty MoneyfeaturingSkylar Grey
2011,39,Hey Baby (Drop It to the Floor),PitbullfeaturingT-Pain
2011,40,Only Girl (In the World),Rihanna
2011,41,6 Foot 7 Foot,Lil WaynefeaturingCory Gunz
2011,42,Just a Kiss,Lady Antebellum
2011,43,Dirt Road Anthem,Jason Aldean
2011,44,Dynamite,Taio Cruz
2011,45,No Hands,Waka Flocka FlamefeaturingWaleandRoscoe Dash
2011,46,I Wanna Go,Britney Spears
2011,47,I'm on One,"DJ KhaledfeaturingDrake,Rick RossandLil Wayne"
2011,48,You Make Me Feel...,Cobra StarshipfeaturingSabi
2011,49,Yeah 3x,Chris Brown
2011,50,Moment 4 Life,Nicki MinajfeaturingDrake
2011,51,I Need a Doctor,Dr. DrefeaturingEminemandSkylar Grey
2011,52,Just a Dream,Nelly
2011,53,Motivation,Kelly RowlandfeaturingLil Wayne
2011,54,Stereo Love,Edward MayafeaturingVika Jigulina
2011,55,Jar of Hearts,Christina Perri
2011,56,Roll Up,Wiz Khalifa
2011,57,Sexy and I Know It,LMFAO
2011,58,Rocketeer,Far East MovementfeaturingRyan Tedder
2011,59,All of the Lights,Kanye West
2011,60,Hold It Against Me,Britney Spears
2011,61,More,Usher
2011,62,What the Hell,Avril Lavigne
2011,63,Written in the Stars,Tinie TempahfeaturingEric Turner
2011,64,Bottoms Up,Trey SongzfeaturingNicki Minaj
2011,65,DJ Got Us Fallin' in Love,UsherfeaturingPitbull
2011,66,For the First Time,The Script
2011,67,Honey Bee,Blake Shelton
2011,68,Don't You Wanna Stay,Jason AldeanfeaturingKelly Clarkson
2011,69,We Found Love,RihannafeaturingCalvin Harris
2011,70,Pretty Girl Rock,Keri Hilson
2011,71,Yoü and I,Lady Gaga
2011,72,Like a G6,Far East MovementfeaturingThe CataracsandDev
2011,73,Without You,David GuettafeaturingUsher
2011,74,Back to December,Taylor Swift
2011,75,Teenage Dream,Katy Perry
2011,76,Crazy Girl,Eli Young Band
2011,77,Cheers (Drink to That),Rihanna
2011,78,Who Says,Selena Gomez & the Scene
2011,79,Barefoot Blue Jean Night,Jake Owen
2011,80,Knee Deep,Zac Brown BandfeaturingJimmy Buffett
2011,81,Country Girl (Shake It for Me),Luke Bryan
2011,82,Remind Me,Brad PaisleyandCarrie Underwood
2011,83,In the Dark,Dev
2011,84,Backseat,New BoyzfeaturingThe CataracsandDev
2011,85,Headlines,Drake
2011,86,Best Thing I Never Had,Beyoncé
2011,87,Don't Wanna Go Home,Jason Derulo
2011,88,Where Them Girls At,David GuettafeaturingFlo RidaandNicki Minaj
2011,89,She Ain't You,Chris Brown
2011,90,Take a Back Road,Rodney Atkins
2011,91,Please Don't Go,Mike Posner
2011,92,Sure Thing,Miguel
2011,93,Price Tag,Jessie JfeaturingB.o.B
2011,94,God Gave Me You,Blake Shelton
2011,95,She Will,Lil WaynefeaturingDrake
2011,96,Are You Gonna Kiss Me or Not,Thompson Square
2011,97,Animal,Neon Trees
2011,98,You and Tequila,Kenny ChesneyfeaturingGrace Potter
2011,99,Colder Weather,Zac Brown Band
2011,100,My Last,Big SeanfeaturingChris Brown
2012,1,Somebody That I Used to Know,GotyefeaturingKimbra
2012,2,Call Me Maybe,Carly Rae Jepsen
2012,3,We Are Young,FunfeaturingJanelle Monáe
2012,4,Payphone,Maroon 5featuringWiz Khalifa
2012,5,Lights,Ellie Goulding
2012,6,Glad You Came,The Wanted
2012,7,Stronger (What Doesn't Kill You),Kelly Clarkson
2012,8,We Found Love,RihannafeaturingCalvin Harris
2012,9,Starships,Nicki Minaj
2012,10,What Makes You Beautiful,One Direction
2012,11,Wild Ones,Flo RidafeaturingSia
2012,12,Set Fire to the Rain,Adele
2012,13,Sexy and I Know It,LMFAO
2012,14,Some Nights,Fun
2012,15,Wide Awake,Katy Perry
2012,16,Good Feeling,Flo Rida
2012,18,One More Night,Maroon 5
2012,19,Drive By,Train
2012,20,The Motto,DrakefeaturingLil Wayne
2012,21,Where Have You Been,Rihanna
2012,22,Everybody Talks,Neon Trees
2012,23,Take Care,DrakefeaturingRihanna
2012,24,Titanium,David GuettafeaturingSia
2012,25,I Won't Give Up,Jason Mraz
2012,26,It Will Rain,Bruno Mars
2012,27,Mercy,"Kanye West,Big Sean,Pusha Tand2 Chainz"
2012,28,Boyfriend,Justin Bieber
2012,29,Party Rock Anthem,LMFAOfeaturingLauren BennettandGoonRock
2012,30,Too Close,Alex Clare
2012,31,Part of Me,Katy Perry
2012,32,"Young, Wild & Free",Snoop DoggandWiz KhalifafeaturingBruno Mars
2012,33,We Are Never Ever Getting Back Together,Taylor Swift
2012,34,As Long as You Love Me,Justin BieberfeaturingBig Sean
2012,35,Turn Me On,David GuettafeaturingNicki Minaj
2012,36,Moves like Jagger,Maroon 5featuringChristina Aguilera
2012,37,Blow Me (One Last Kiss),Pink
2012,38,Good Time,Owl CityandCarly Rae Jepsen
2012,39,Give Your Heart a Break,Demi Lovato
2012,40,Niggas in Paris,Jay-ZandKanye West
2012,41,The One That Got Away,Katy Perry
2012,42,Feel So Close,Calvin Harris
2012,43,Someone like You,Adele
2012,44,Scream,Usher
2012,45,Rack City,Tyga
2012,46,Domino,Jessie J
2012,47,Gangnam Style,Psy
2012,48,International Love,PitbullfeaturingChris Brown
2012,49,Home,Phillip Phillips
2012,50,Without You,David GuettafeaturingUsher
2012,51,Ass Back Home,Gym Class HeroesfeaturingNeon Hitch
2012,52,Wanted,Hunter Hayes
2012,53,Drunk on You,Luke Bryan
2012,54,No Lie,2 ChainzfeaturingDrake
2012,55,Want U Back,Cher Lloyd
2012,56,Don't Wake Me Up,Chris Brown
2012,57,Dance (A$$),Big SeanfeaturingNicki Minaj
2012,58,Springsteen,Eric Church
2012,59,Brokenhearted,Karmin
2012,60,Not Over You,Gavin DeGraw
2012,61,Stereo Hearts,Gym Class HeroesfeaturingAdam Levine
2012,62,Back in Time,Pitbull
2012,63,Work Out,J. Cole
2012,64,Rumour Has It,Adele
2012,65,Let's Go,Calvin HarrisfeaturingNe-Yo
2012,66,Good Girl,Carrie Underwood
2012,67,Pontoon,Little Big Town
2012,68,Ho Hey,The Lumineers
2012,69,Paradise,Coldplay
2012,70,Blown Away,Carrie Underwood
2012,71,Rolling in the Deep,Adele
2012,72,Climax,Usher
2012,73,"Work Hard, Play Hard",Wiz Khalifa
2012,74,Let Me Love You (Until You Learn to Love Yourself),Ne-Yo
2012,75,Pound the Alarm,Nicki Minaj
2012,76,Come Over,Kenny Chesney
2012,77,Heart Attack,Trey Songz
2012,78,Drank in My Cup,Kirko Bangz
2012,79,Birthday Cake,RihannafeaturingChris Brown
2012,80,So Good,B.o.B
2012,81,50 Ways to Say Goodbye,Train
2012,82,Red Solo Cup,Toby Keith
2012,83,Love You Like a Love Song,Selena Gomez & the Scene
2012,84,Turn Up the Music,Chris Brown
2012,85,Die Young,Kesha
2012,86,5 O'Clock,T-PainfeaturingWiz KhalifaandLily Allen
2012,87,A Thousand Years,Christina Perri
2012,88,Take a Little Ride,Jason Aldean
2012,89,You da One,Rihanna
2012,90,We Run the Night,Havana BrownfeaturingPitbull
2012,91,It's Time,Imagine Dragons
2012,92,Cashin' Out,Cash Out
2012,93,I Don't Want This Night to End,Luke Bryan
2012,94,Diamonds,Rihanna
2012,95,Hard to Love,Lee Brice
2012,96,Somethin' 'Bout a Truck,Kip Moore
2012,97,Adorn,Miguel
2012,98,Fly Over States,Jason Aldean
2012,99,Even If It Breaks Your Heart,Eli Young Band
2012,100,Burn It Down,Linkin Park
2013,1,Thrift Shop,Macklemore & Ryan LewisfeaturingWanz
2013,2,Blurred Lines,Robin ThickefeaturingT.I.andPharrell Williams
2013,3,Radioactive,Imagine Dragons
2013,4,Harlem Shake,Baauer
2013,5,Can't Hold Us,Macklemore & Ryan LewisfeaturingRay Dalton
2013,6,Mirrors,Justin Timberlake
2013,7,Just Give Me a Reason,PinkfeaturingNate Ruess
2013,8,When I Was Your Man,Bruno Mars
2013,9,Cruise,Florida Georgia LinefeaturingNelly
2013,10,Roar,Katy Perry
2013,11,Locked Out of Heaven,Bruno Mars
2013,12,Ho Hey,The Lumineers
2013,13,Stay,RihannafeaturingMikky Ekko
2013,14,Get Lucky,Daft PunkfeaturingPharrell Williams
2013,15,Royals,Lorde
2013,16,I Knew You Were Trouble,Taylor Swift
2013,17,We Can't Stop,Miley Cyrus
2013,19,Wake Me Up,Avicii
2013,20,Suit & Tie,Justin TimberlakefeaturingJay-Z
2013,21,Cups (Pitch Perfect'sWhen I'm Gone),Anna Kendrick
2013,22,Holy Grail,Jay-ZfeaturingJustin Timberlake
2013,23,Scream & Shout,Will.i.amfeaturingBritney Spears
2013,24,Clarity,ZeddfeaturingFoxes
2013,25,Sail,Awolnation
2013,26,Don't You Worry Child,Swedish House MafiafeaturingJohn Martin
2013,27,Diamonds,Rihanna
2013,28,I Love It,Icona PopfeaturingCharli XCX
2013,29,Safe and Sound,Capital Cities
2013,30,Treasure,Bruno Mars
2013,31,The Way,Ariana GrandefeaturingMac Miller
2013,32,Started from the Bottom,Drake
2013,33,Come & Get It,Selena Gomez
2013,34,"Hold On, We're Going Home",DrakefeaturingMajid Jordan
2013,35,Daylight,Maroon 5
2013,36,Feel This Moment,PitbullfeaturingChristina Aguilera
2013,37,Applause,Lady Gaga
2013,38,One More Night,Maroon 5
2013,39,Love Me,Lil WaynefeaturingDrakeandFuture
2013,40,My Songs Know What You Did in the Dark (Light Em Up),Fall Out Boy
2013,41,Fuckin' Problems,"ASAP RockyfeaturingDrake,2 ChainzandKendrick Lamar"
2013,42,Beauty and a Beat,Justin BieberfeaturingNicki Minaj
2013,43,Same Love,Macklemore & Ryan LewisfeaturingMary Lambert
2013,44,Sweet Nothing,Calvin HarrisfeaturingFlorence Welch
2013,45,Summertime Sadness,Lana Del ReyandCédric Gervais
2013,46,Home,Phillip Phillips
2013,47,It's Time,Imagine Dragons
2013,48,Power Trip,J. ColefeaturingMiguel
2013,49,Girl on Fire,Alicia KeysfeaturingNicki Minaj
2013,50,Heart Attack,Demi Lovato
2013,51,Love Somebody,Maroon 5
2013,52,I Will Wait,Mumford & Sons
2013,53,Try,Pink
2013,54,Wagon Wheel,Darius Rucker
2013,55,Gangnam Style,Psy
2013,56,I Need Your Love,Calvin HarrisfeaturingEllie Goulding
2013,57,Die Young,Kesha
2013,58,Some Nights,Fun
2013,59,Bad,WalefeaturingTiara ThomasorRihanna
2013,60,Boys 'Round Here,Blake SheltonfeaturingPistol Anniesand Friends
2013,61,"Gone, Gone, Gone",Phillip Phillips
2013,62,Demons,Imagine Dragons
2013,63,Counting Stars,OneRepublic
2013,64,I Cry,Flo Rida
2013,65,Little Talks,Of Monsters and Men
2013,66,The Other Side,Jason Derulo
2013,67,Berzerk,Eminem
2013,68,Catch My Breath,Kelly Clarkson
2013,69,Crash My Party,Luke Bryan
2013,70,Pour It Up,Rihanna
2013,71,22,Taylor Swift
2013,72,I Want Crazy,Hunter Hayes
2013,73,The Fox (What Does the Fox Say?),Ylvis
2013,74,Best Song Ever,One Direction
2013,75,The A Team,Ed Sheeran
2013,76,Carry On,Fun
2013,77,Highway Don't Care,Tim McGrawfeaturingTaylor SwiftandKeith Urban
2013,78,That's My Kind of Night,Luke Bryan
2013,79,Swimming Pools (Drank),Kendrick Lamar
2013,80,Sure Be Cool If You Did,Blake Shelton
2013,81,#Beautiful,Mariah CareyfeaturingMiguel
2013,82,Troublemaker,Olly MursfeaturingFlo Rida
2013,83,Body Party,Ciara
2013,84,Adorn,Miguel
2013,85,Hall of Fame,The Scriptfeaturingwill.i.am
2013,86,Let Me Love You (Until You Learn to Love Yourself),Ne-Yo
2013,87,U.O.E.N.O.,RockofeaturingFutureandRick Ross
2013,88,Next to Me,Emeli Sandé
2013,89,Mama's Broken Heart,Miranda Lambert
2013,90,It Goes Like This,Thomas Rhett
2013,91,Bugatti,Ace HoodfeaturingFutureandRick Ross
2013,92,Wanted,Hunter Hayes
2013,93,Downtown,Lady Antebellum
2013,94,Get Your Shine On,Florida Georgia Line
2013,95,#thatPower,will.i.amfeaturingJustin Bieber
2013,96,Brave,Sara Bareilles
2013,97,Let Her Go,Passenger
2013,98,Runnin' Outta Moonlight,Randy Houser
2013,99,I'm Different,2 Chainz
2013,100,Still Into You,Paramore
2014,1,Happy,Pharrell Williams
2014,2,Dark Horse,Katy PerryfeaturingJuicy J
2014,3,All of Me,John Legend
2014,4,Fancy,Iggy AzaleafeaturingCharli XCX
2014,5,Counting Stars,OneRepublic
2014,6,Talk Dirty,Jason Derulofeaturing2 Chainz
2014,7,Rude,Magic!
2014,8,All About That Bass,Meghan Trainor
2014,9,Problem,Ariana GrandefeaturingIggy Azalea
2014,10,Stay with Me,Sam Smith
2014,11,Timber,PitbullfeaturingKesha
2014,12,Pompeii,Bastille
2014,13,Shake It Off,Taylor Swift
2014,14,Am I Wrong,Nico & Vinz
2014,15,Turn Down for What,DJ SnakeandLil Jon
2014,16,The Monster,EminemfeaturingRihanna
2014,17,Say Something,A Great Big WorldandChristina Aguilera
2014,18,Team,Lorde
2014,19,Let Her Go,Passenger
2014,20,Royals,Lorde
2014,21,Let It Go,Idina Menzel
2014,22,Wake Me Up,Avicii
2014,23,Demons,Imagine Dragons
2014,24,Story of My Life,One Direction
2014,25,Chandelier,Sia
2014,26,Black Widow,Iggy AzaleafeaturingRita Ora
2014,27,Bang Bang,"Jessie J,Ariana GrandeandNicki Minaj"
2014,28,Latch,DisclosurefeaturingSam Smith
2014,29,Maps,Maroon 5
2014,30,Loyal,Chris BrownfeaturingLil WayneandFrench MontanaorToo ShortorTyga
2014,31,Best Day of My Life,American Authors
2014,32,Habits (Stay High),Tove Lo
2014,33,Summer,Calvin Harris
2014,34,Boom Clap,Charli XCX
2014,35,Drunk in Love,BeyoncéfeaturingJay-Z
2014,36,Anaconda,Nicki Minaj
2014,37,Break Free,Ariana GrandefeaturingZedd
2014,38,Bailando,Enrique IglesiasfeaturingDescemer BuenoandGente de Zona
2014,39,Burn,Ellie Goulding
2014,40,Wiggle,Jason DerulofeaturingSnoop Dogg
2014,41,Rather Be,Clean BanditfeaturingJess Glynne
2014,42,Don't Tell 'Em,JeremihfeaturingYG
2014,43,Show Me,Kid InkfeaturingChris Brown
2014,44,Wrecking Ball,Miley Cyrus
2014,45,Not a Bad Thing,Justin Timberlake
2014,46,Roar,Katy Perry
2014,47,Ain't It Fun,Paramore
2014,48,The Man,Aloe Blacc
2014,49,This Is How We Roll,Florida Georgia LinefeaturingLuke Bryan
2014,50,Classic,MKTO
2014,51,A Sky Full of Stars,Coldplay
2014,52,Don't,Ed Sheeran
2014,53,Na Na,Trey Songz
2014,54,Hot Boy,Bobby Shmurda
2014,55,"Hold On, We're Going Home",DrakefeaturingMajid Jordan
2014,56,Sing,Ed Sheeran
2014,57,Radioactive,Imagine Dragons
2014,58,My Hitta,YGfeaturingJeezyandRich Homie Quan
2014,59,Cool Kids,Echosmith
2014,60,Hey Brother,Avicii
2014,61,Trumpets,Jason Derulo
2014,62,Animals,Maroon 5
2014,63,Burnin' It Down,Jason Aldean
2014,64,Play It Again,Luke Bryan
2014,65,2 On,TinashefeaturingScHoolboy Q
2014,66,Dirt,Florida Georgia Line
2014,67,Love Runs Out,OneRepublic
2014,68,Bottoms Up,Brantley Gilbert
2014,69,Shower,Becky G
2014,70,Me and My Broken Heart,Rixton
2014,71,Animals,Martin Garrix
2014,72,Lifestyle,Rich GangfeaturingYoung ThugandRich Homie Quan
2014,73,American Kids,Kenny Chesney
2014,74,Brave,Sara Bareilles
2014,75,Sweater Weather,The Neighbourhood
2014,76,Leave the Night On,Sam Hunt
2014,77,New Flame,Chris BrownfeaturingUsherandRick Ross
2014,78,Love Never Felt So Good,Michael JacksonandJustin Timberlake
2014,79,Drunk on a Plane,Dierks Bentley
2014,80,Birthday,Katy Perry
2014,81,Bartender,Lady Antebellum
2014,82,La La La,Naughty BoyfeaturingSam Smith
2014,83,Blurred Lines,Robin ThickefeaturingT.I.andPharrell Williams
2014,84,Do What U Want,Lady GagafeaturingR. Kelly
2014,85,Can't Remember to Forget You,ShakirafeaturingRihanna
2014,86,Amnesia,5 Seconds of Summer
2014,87,No Mediocre,T.I.featuringIggy Azalea
2014,88,Come with Me Now,KONGOS
2014,89,Believe Me,Lil WaynefeaturingDrake
2014,90,23,"Mike WiLL Made-ItfeaturingMiley Cyrus,Wiz Khalifa, andJuicy J"
2014,91,Beachin',Jake Owen
2014,92,White Walls,Macklemore & Ryan LewisfeaturingScHoolboy QandHollis
2014,93,She Looks So Perfect,5 Seconds of Summer
2014,94,Stay the Night,ZeddfeaturingHayley Williams
2014,95,Partition,Beyoncé
2014,96,Studio,ScHoolboy QfeaturingBJ the Chicago Kid
2014,97,0 to 100 / The Catch Up,Drake
2014,98,I Don't Dance,Lee Brice
2014,99,Somethin' Bad,Miranda LambertandCarrie Underwood
2014,100,Adore You,Miley Cyrus
2015,1,Uptown Funk,Mark RonsonfeaturingBruno Mars
2015,2,Thinking Out Loud,Ed Sheeran
2015,3,See You Again,Wiz KhalifafeaturingCharlie Puth
2015,4,Trap Queen,Fetty Wap
2015,5,Sugar,Maroon 5
2015,6,Shut Up and Dance,Walk the Moon
2015,7,Blank Space,Taylor Swift
2015,8,Watch Me,Silentó
2015,9,Earned It,The Weeknd
2015,11,Cheerleader(Felix JaehnRemix),OMI
2015,12,Can't Feel My Face,The Weeknd
2015,13,Love Me Like You Do,Ellie Goulding
2015,14,Take Me to Church,Hozier
2015,15,Bad Blood,Taylor SwiftfeaturingKendrick Lamar
2015,16,Lean On,Major LazerandDJ SnakefeaturingMØ
2015,17,Want to Want Me,Jason Derulo
2015,18,Shake It Off,Taylor Swift
2015,19,Where Are Ü Now,Jack ÜfeaturingJustin Bieber
2015,20,Fight Song,Rachel Platten
2015,21,679,Fetty Wapfeaturing Remy Boyz
2015,22,Lips Are Movin,Meghan Trainor
2015,23,Worth It,Fifth HarmonyfeaturingKid Ink
2015,24,Post to Be,OmarionfeaturingChris BrownandJhené Aiko
2015,25,"Honey, I'm Good.",Andy Grammer
2015,26,I'm Not the Only One,Sam Smith
2015,27,Good for You,Selena GomezfeaturingASAP Rocky
2015,28,All About That Bass,Meghan Trainor
2015,29,Style,Taylor Swift
2015,30,Hotline Bling,Drake
2015,31,Hey Mama,"David GuettafeaturingNicki Minaj,Bebe RexhaandAfrojack"
2015,32,G.D.F.R.,Flo RidafeaturingSage the GeminiandLookas
2015,33,What Do You Mean?,Justin Bieber
2015,34,Photograph,Ed Sheeran
2015,35,Hello,Adele
2015,36,Stitches,Shawn Mendes
2015,37,Talking Body,Tove Lo
2015,38,Jealous,Nick Jonas
2015,39,Time of Our Lives,PitbullandNe-Yo
2015,40,Locked Away,R. CityfeaturingAdam Levine
2015,41,Somebody,Natalie La RosefeaturingJeremih
2015,42,FourFiveSeconds,"Rihanna,Kanye WestandPaul McCartney"
2015,43,Centuries,Fall Out Boy
2015,44,My Way,Fetty Wapfeaturing Monty
2015,45,Take Your Time,Sam Hunt
2015,46,Animals,Maroon 5
2015,47,I Don't Fuck with You,Big SeanfeaturingE-40
2015,48,Bitch Better Have My Money,Rihanna
2015,49,"Flex (Ooh, Ooh, Ooh)",Rich Homie Quan
2015,50,Nasty Freestyle,T-Wayne
2015,51,Only,"Nicki MinajfeaturingDrake,Lil WayneandChris Brown"
2015,52,Elastic Heart,Sia
2015,53,Cool for the Summer,Demi Lovato
2015,54,Renegades,X Ambassadors
2015,55,I Don't Mind,UsherfeaturingJuicy J
2015,56,Love Me Harder,Ariana GrandeandThe Weeknd
2015,57,Wildest Dreams,Taylor Swift
2015,58,Stay with Me,Sam Smith
2015,59,You Know You Like It,DJ SnakeandAlunaGeorge
2015,60,Uma Thurman,Fall Out Boy
2015,61,7/11,Beyoncé
2015,62,The Heart Wants What It Wants,Selena Gomez
2015,63,Girl Crush,Little Big Town
2015,64,Slow Motion,Trey Songz
2015,65,Drag Me Down,One Direction
2015,66,Truffle Butter,Nicki MinajfeaturingDrakeandLil Wayne
2015,67,One Last Time,Ariana Grande
2015,68,Chains,Nick Jonas
2015,69,All Eyes on You,Meek MillfeaturingChris BrownandNicki Minaj
2015,70,No Type,Rae Sremmurd
2015,71,Riptide,Vance Joy
2015,72,Classic Man,JidennafeaturingRoman GianArthur
2015,73,Ex's & Oh's,Elle King
2015,74,Dear Future Husband,Meghan Trainor
2015,75,Marvin Gaye,Charlie PuthfeaturingMeghan Trainor
2015,76,Like I'm Gonna Lose You,Meghan TrainorfeaturingJohn Legend
2015,77,Habits (Stay High),Tove Lo
2015,78,The Hanging Tree,James Newton HowardfeaturingJennifer Lawrence
2015,79,CoCo,O.T. Genasis
2015,80,Bang Bang,"Jessie J,Ariana GrandeandNicki Minaj"
2015,81,Lay Me Down,Sam Smith
2015,82,Tuesday,ILoveMakonnenfeaturingDrake
2015,83,Hit the Quan,iLoveMemphis
2015,84,Downtown,"Macklemore & Ryan LewisfeaturingEric Nally,Melle Mel,Kool Moe DeeandGrandmaster Caz"
2015,85,House Party,Sam Hunt
2015,86,Ayo,Chris BrownandTyga
2015,87,Kick the Dust Up,Luke Bryan
2015,88,Blessings,Big SeanfeaturingDrakeandKanye West
2015,89,Budapest,George Ezra
2015,90,Chandelier,Sia
2015,91,Heartbeat Song,Kelly Clarkson
2015,92,Don't,Ed Sheeran
2015,93,Ghost,Ella Henderson
2015,94,Here,Alessia Cara
2015,95,Waves(Robin SchulzRemix),Mr Probz
2015,96,El Perdón,Nicky JamandEnrique Iglesias
2015,97,She Knows,Ne-YofeaturingJuicy J
2015,98,Night Changes,One Direction
2015,99,Back to Back,Drake
2015,100,How Deep Is Your Love,Calvin HarrisandDisciples
2016,1,Love Yourself,Justin Bieber
2016,3,One Dance,DrakefeaturingWizkidandKyla
2016,4,Work,RihannafeaturingDrake
2016,5,Stressed Out,Twenty One Pilots
2016,6,Panda,Desiigner
2016,7,Hello,Adele
2016,8,Don't Let Me Down,The ChainsmokersfeaturingDaya
2016,9,Can't Stop the Feeling!,Justin Timberlake
2016,10,Closer,The ChainsmokersfeaturingHalsey
2016,11,Cheap Thrills,SiafeaturingSean Paul
2016,12,7 Years,Lukas Graham
2016,13,Needed Me,Rihanna
2016,14,My House,Flo Rida
2016,15,I Took a Pill in Ibiza,Mike Posner
2016,16,Work from Home,Fifth HarmonyfeaturingTy Dolla Sign
2016,17,This Is What You Came For,Calvin HarrisfeaturingRihanna
2016,18,Cake by the Ocean,DNCE
2016,19,"Me, Myself & I",G-EazyandBebe Rexha
2016,20,Ride,Twenty One Pilots
2016,22,Pillowtalk,Zayn
2016,23,Stitches,Shawn Mendes
2016,24,Hotline Bling,Drake
2016,25,Cold Water,Major LazerfeaturingJustin BieberandMØ
2016,26,Send My Love (To Your New Lover),Adele
2016,27,Roses,The ChainsmokersfeaturingRozes
2016,28,Treat You Better,Shawn Mendes
2016,29,Too Good,DrakefeaturingRihanna
2016,30,Low Life,FuturefeaturingThe Weeknd
2016,31,What Do You Mean?,Justin Bieber
2016,32,The Hills,The Weeknd
2016,33,Just Like Fire,P!nk
2016,34,Broccoli,DRAMfeaturingLil Yachty
2016,35,Don't,Bryson Tiller
2016,36,Dangerous Woman,Ariana Grande
2016,37,Jumpman,DrakeandFuture
2016,38,"I Hate U, I Love U",GnashfeaturingOlivia O'Brien
2016,39,Here,Alessia Cara
2016,40,Same Old Love,Selena Gomez
2016,41,Controlla,Drake
2016,42,Like I'm Gonna Lose You,Meghan TrainorfeaturingJohn Legend
2016,43,One Call Away,Charlie Puth
2016,44,Let It Go,James Bay
2016,45,No,Meghan Trainor
2016,46,Never Forget You,Zara LarssonandMNEK
2016,47,Let Me Love You,DJ SnakefeaturingJustin Bieber
2016,48,Don't Mind,Kent Jones
2016,49,H.O.L.Y.,Florida Georgia Line
2016,50,We Don't Talk Anymore,Charlie PuthfeaturingSelena Gomez
2016,51,Into You,Ariana Grande
2016,52,Gold,Kiiara
2016,53,Exchange,Bryson Tiller
2016,54,679,Fetty WapfeaturingRemy Boyz
2016,55,Oui,Jeremih
2016,56,Hands to Myself,Selena Gomez
2016,57,2 Phones,Kevin Gates
2016,58,Starboy,The WeekndfeaturingDaft Punk
2016,59,For Free,DJ KhaledfeaturingDrake
2016,60,Never Be Like You,FlumefeaturingKai
2016,61,In the Night,The Weeknd
2016,62,Me Too,Meghan Trainor
2016,63,Ex's & Oh's,Elle King
2016,64,Die a Happy Man,Thomas Rhett
2016,65,White Iverson,Post Malone
2016,66,Close,Nick JonasfeaturingTove Lo
2016,67,Unsteady,X Ambassadors
2016,68,Sucker for Pain,"Lil Wayne,Wiz KhalifaandImagine DragonswithLogicandTy Dolla SignfeaturingX Ambassadors"
2016,69,Down in the DM,Yo GottifeaturingNicki Minaj
2016,70,Luv,Tory Lanez
2016,71,Sorry,Beyoncé
2016,72,Can't Feel My Face,The Weeknd
2016,73,Hymn for the Weekend,Coldplay
2016,74,Say It,Tory Lanez
2016,75,Antidote,Travis Scott
2016,76,Lost Boy,Ruth B
2016,77,Side to Side,Ariana GrandefeaturingNicki Minaj
2016,78,"Sit Still, Look Pretty",Daya
2016,79,Wildest Dreams,Taylor Swift
2016,80,Middle,DJ SnakefeaturingBipolar Sunshine
2016,81,On My Mind,Ellie Goulding
2016,82,Pop Style,DrakefeaturingJay-ZandKanye West
2016,83,When We Were Young,Adele
2016,84,Hide Away,Daya
2016,85,Lean On,Major LazerandDJ SnakefeaturingMØ
2016,86,I Know What You Did Last Summer,Shawn MendesandCamila Cabello
2016,87,All the Way Up,Fat JoeandRemy MafeaturingFrench Montanaand Infared
2016,88,Watch Me,Silentó
2016,89,Back to Sleep,Chris Brown
2016,90,No Limit,UsherfeaturingYoung Thug
2016,91,Cut It,O.T. GenasisfeaturingYoung Dolph
2016,92,Really Really,Kevin Gates
2016,93,All In My Head (Flex),Fifth HarmonyfeaturingFetty Wap
2016,94,Starving,Hailee SteinfeldandGreyfeaturingZedd
2016,95,Adventure of a Lifetime,Coldplay
2016,96,Humble and Kind,Tim McGraw
2016,97,Wicked,Future
2016,98,Tiimmy Turner,Desiigner
2016,99,See You Again,Wiz KhalifafeaturingCharlie Puth
2016,100,Perfect,One Direction
2017,1,Shape of You,Ed Sheeran
2017,2,Despacito (Remix),Luis FonsiandDaddy YankeefeaturingJustin Bieber
2017,3,That's What I Like,Bruno Mars
2017,4,Humble,Kendrick Lamar
2017,5,Something Just Like This,The ChainsmokersandColdplay
2017,6,Bad and Boujee,MigosfeaturingLil Uzi Vert
2017,7,Closer,The ChainsmokersfeaturingHalsey
2017,8,Body Like a Back Road,Sam Hunt
2017,9,Believer,Imagine Dragons
2017,10,Congratulations,Post MalonefeaturingQuavo
2017,11,Say You Won't Let Go,James Arthur
2017,12,I'm the One,"DJ KhaledfeaturingJustin Bieber,Quavo,Chance the RapperandLil Wayne"
2017,13,XO Tour Llif3,Lil Uzi Vert
2017,14,Mask Off,Future
2017,15,Unforgettable,French MontanafeaturingSwae Lee
2017,16,24K Magic,Bruno Mars
2017,17,Stay,ZeddandAlessia Cara
2017,18,Wild Thoughts,DJ KhaledfeaturingRihannaandBryson Tiller
2017,19,Black Beatles,Rae SremmurdfeaturingGucci Mane
2017,20,Starboy,The WeekndfeaturingDaft Punk
2017,21,Location,Khalid
2017,22,Attention,Charlie Puth
2017,23,There's Nothing Holdin' Me Back,Shawn Mendes
2017,24,Bodak Yellow,Cardi B
2017,25,Redbone,Childish Gambino
2017,26,I Don't Wanna Live Forever,ZaynandTaylor Swift
2017,27,It Ain't Me,KygoandSelena Gomez
2017,28,iSpy,KylefeaturingLil Yachty
2017,29,Issues,Julia Michaels
2017,30,Scars to Your Beautiful,Alessia Cara
2017,31,1-800-273-8255,LogicfeaturingAlessia CaraandKhalid
2017,32,Slow Hands,Niall Horan
2017,33,Love on the Brain,Rihanna
2017,34,I Feel It Coming,The WeekndfeaturingDaft Punk
2017,35,Bounce Back,Big Sean
2017,36,Strip That Down,Liam PaynefeaturingQuavo
2017,37,Fake Love,Drake
2017,38,Don't Wanna Know,Maroon 5featuringKendrick Lamar
2017,39,Look What You Made Me Do,Taylor Swift
2017,40,Castle on the Hill,Ed Sheeran
2017,41,Bad Things,Machine Gun KellyandCamila Cabello
2017,42,Paris,The Chainsmokers
2017,43,Side to Side,Ariana GrandefeaturingNicki Minaj
2017,44,Rockabye,Clean BanditfeaturingSean PaulandAnne-Marie
2017,45,Feel It Still,Portugal. The Man
2017,46,Let Me Love You,DJ SnakefeaturingJustin Bieber
2017,47,Sorry Not Sorry,Demi Lovato
2017,48,Bank Account,21 Savage
2017,49,Can't Stop the Feeling!,Justin Timberlake
2017,50,Mi Gente,J BalvinandWilly WilliamfeaturingBeyoncé
2017,51,Thunder,Imagine Dragons
2017,52,T-shirt,Migos
2017,53,Rake It Up,Yo GottifeaturingNicki Minaj
2017,54,Mercy,Shawn Mendes
2017,55,Tunnel Vision,Kodak Black
2017,56,Rockstar,Post Malonefeaturing21 Savage
2017,57,In Case You Didn't Know,Brett Young
2017,58,Heathens,Twenty One Pilots
2017,59,Now or Never,Halsey
2017,60,Caroline,Aminé
2017,61,Rolex,Ayo & Teo
2017,62,DNA,Kendrick Lamar
2017,63,Juju on That Beat (TZ Anthem),Zay Hilfigerrr & Zayion McCall
2017,64,Swang,Rae Sremmurd
2017,65,Passionfruit,Drake
2017,66,Loyalty,Kendrick LamarfeaturingRihanna
2017,67,Praying,Kesha
2017,68,Goosebumps,Travis Scott
2017,69,Cold,Maroon 5featuringFuture
2017,70,Broccoli,DRAMfeaturingLil Yachty
2017,71,Slide,Calvin HarrisfeaturingFrank OceanandMigos
2017,72,What Ifs,Kane BrownfeaturingLauren Alaina
2017,73,Chained to the Rhythm,Katy PerryfeaturingSkip Marley
2017,74,Feels,"Calvin HarrisfeaturingPharrell Williams,Katy PerryandBig Sean"
2017,75,All Time Low,Jon Bellion
2017,76,Hurricane,Luke Combs
2017,77,Too Good at Goodbyes,Sam Smith
2017,78,Young Dumb & Broke,Khalid
2017,79,Magnolia,Playboi Carti
2017,80,Love Galore,SZAfeaturingTravis Scott
2017,81,Drowning,A Boogie wit da HoodiefeaturingKodak Black
2017,82,Starving,Hailee SteinfeldandGreyfeaturingZedd
2017,83,Both,Gucci ManefeaturingDrake
2017,84,What About Us,P!nk
2017,85,Swalla,Jason DerulofeaturingNicki MinajandTy Dolla Sign
2017,86,Slippery,MigosfeaturingGucci Mane
2017,87,Sign of the Times,Harry Styles
2017,88,Water Under the Bridge,Adele
2017,89,Malibu,Miley Cyrus
2017,90,Down,Marian Hill
2017,91,No Promises,Cheat CodesfeaturingDemi Lovato
2017,92,Treat You Better,Shawn Mendes
2017,93,I Get the Bag,Gucci ManefeaturingMigos
2017,94,Small Town Boy,Dustin Lynch
2017,95,Everyday We Lit,YFN LuccifeaturingPnB Rock
2017,96,Havana,Camila CabellofeaturingYoung Thug
2017,97,What Lovers Do,Maroon 5featuringSZA
2017,98,Do Re Mi,Blackbear
2017,99,Look at Me!,XXXTentacion
2017,100,The Fighter,Keith UrbanfeaturingCarrie Underwood
2018,1,God's Plan,Drake
2018,2,Perfect,Ed Sheeran
2018,3,Meant to Be,Bebe RexhafeaturingFlorida Georgia Line
2018,4,Havana,Camila CabellofeaturingYoung Thug
2018,5,Rockstar,Post Malonefeaturing21 Savage
2018,6,Psycho,Post MalonefeaturingTy Dolla Sign
2018,7,I Like It,"Cardi B,Bad BunnyandJ Balvin"
2018,8,The Middle,"Zedd,Maren MorrisandGrey"
2018,9,In My Feelings,Drake
2018,10,Girls Like You,Maroon 5featuringCardi B
2018,11,Nice for What,Drake
2018,12,Lucid Dreams,Juice Wrld
2018,13,Better Now,Post Malone
2018,14,Finesse,Bruno MarsfeaturingCardi B
2018,15,Boo'd Up,Ella Mai
2018,16,New Rules,Dua Lipa
2018,17,Sad!,XXXTentacion
2018,18,Never Be the Same,Camila Cabello
2018,19,Love Lies,KhalidandNormani
2018,20,No Tears Left to Cry,Ariana Grande
2018,21,Mine,Bazzi
2018,22,Thunder,Imagine Dragons
2018,23,Look Alive,BlocBoy JBfeaturingDrake
2018,24,Delicate,Taylor Swift
2018,25,Yes Indeed,Lil BabyandDrake
2018,26,Friends,MarshmelloandAnne-Marie
2018,27,Bad at Love,Halsey
2018,28,Taste,TygafeaturingOffset
2018,29,Let You Down,NF
2018,30,No Limit,G-EazyfeaturingASAP RockyandCardi B
2018,31,Fefe,6ix9inefeaturingNicki MinajandMurda Beatz
2018,32,Tequila,Dan + Shay
2018,33,Feel It Still,Portugal. The Man
2018,34,MotorSport,"Migos,Nicki MinajandCardi B"
2018,35,I Like Me Better,Lauv
2018,36,Youngblood,5 Seconds of Summer
2018,37,Whatever It Takes,Imagine Dragons
2018,38,Ric Flair Drip,OffsetandMetro Boomin
2018,39,I Fall Apart,Post Malone
2018,40,Pray for Me,The WeekndandKendrick Lamar
2018,41,Back to You,Selena Gomez
2018,42,Sicko Mode,Travis Scott
2018,43,Walk It Talk It,MigosfeaturingDrake
2018,44,Gucci Gang,Lil Pump
2018,45,Him & I,G-EazyandHalsey
2018,46,In My Blood,Shawn Mendes
2018,47,All the Stars,Kendrick LamarandSZA
2018,48,Stir Fry,Migos
2018,49,Too Good at Goodbyes,Sam Smith
2018,50,Love,Kendrick LamarfeaturingZacari
2018,51,This Is America,Childish Gambino
2018,52,Nonstop,Drake
2018,53,Heaven,Kane Brown
2018,54,Bodak Yellow,Cardi B
2018,55,Freaky Friday,Lil DickyfeaturingChris Brown
2018,56,Gummo,6ix9ine
2018,57,Plug Walk,Rich the Kid
2018,58,Wait,Maroon 5
2018,59,Be Careful,Cardi B
2018,60,Wolves,Selena GomezandMarshmello
2018,61,Bartier Cardi,Cardi Bfeaturing21 Savage
2018,62,God Is a Woman,Ariana Grande
2018,63,Big Bank,"YGfeaturing2 Chainz,Nicki MinajandBig Sean"
2018,64,Sorry Not Sorry,Demi Lovato
2018,65,How Long,Charlie Puth
2018,66,Lights Down Low,MaxfeaturingGnash
2018,67,Young Dumb & Broke,Khalid
2018,68,One Kiss,Calvin HarrisandDua Lipa
2018,69,Natural,Imagine Dragons
2018,70,You Make It Easy,Jason Aldean
2018,71,Shape of You,Ed Sheeran
2018,72,I Get the Bag,Gucci ManefeaturingMigos
2018,73,No Brainer,"DJ KhaledfeaturingJustin Bieber,Chance the RapperandQuavo"
2018,74,Plain Jane,ASAP FergfeaturingNicki Minaj
2018,75,Sky Walker,MiguelfeaturingTravis Scott
2018,76,Marry Me,Thomas Rhett
2018,77,Eastside,"Benny Blanco,HalseyandKhalid"
2018,78,Call Out My Name,The Weeknd
2018,79,King's Dead,"Jay Rock,Kendrick Lamar,FutureandJames Blake"
2018,80,Happier,MarshmelloandBastille
2018,81,Te Boté,"Nio García,Darelland Casper Mágico featuringBad Bunny,Nicky JamandOzuna"
2018,82,Simple,Florida Georgia Line
2018,83,Lemon,N.E.R.DandRihanna
2018,84,1-800-273-8255,LogicfeaturingAlessia CaraandKhalid
2018,85,Say Something,Justin TimberlakefeaturingChris Stapleton
2018,86,I'm Upset,Drake
2018,87,Get Along,Kenny Chesney
2018,88,Moonlight,XXXTentacion
2018,89,What Lovers Do,Maroon 5featuringSZA
2018,90,X,Nicky JamandJ Balvin
2018,91,Outside Today,YoungBoy Never Broke Again
2018,92,Trip,Ella Mai
2018,93,Dura,Daddy Yankee
2018,94,Changes,XXXTentacion
2018,95,Mercy,Brett Young
2018,96,One Number Away,Luke Combs
2018,97,Powerglide,Rae SremmurdfeaturingJuicy J
2018,98,IDGAF,Dua Lipa
2018,99,Mi Gente,J BalvinandWilly WilliamfeaturingBeyoncé
2018,100,Believer,Imagine Dragons
2019,1,Old Town Road,Lil Nas XfeaturingBilly Ray Cyrus
2019,2,Sunflower,Post MaloneandSwae Lee
2019,3,Without Me,Halsey
2019,4,Bad Guy,Billie Eilish
2019,5,Wow,Post Malone
2019,6,Happier,MarshmelloandBastille
2019,7,7 Rings,Ariana Grande
2019,8,Talk,Khalid
2019,9,Sicko Mode,Travis Scott
2019,10,Sucker,Jonas Brothers
2019,11,High Hopes,Panic! at the Disco
2019,12,"Thank U, Next",Ariana Grande
2019,13,Truth Hurts,Lizzo
2019,14,Dancing with a Stranger,Sam SmithandNormani
2019,15,Señorita,Shawn MendesandCamila Cabello
2019,16,I Don't Care,Ed SheeranandJustin Bieber
2019,17,Eastside,"Benny Blanco,HalseyandKhalid"
2019,18,Going Bad,Meek MillfeaturingDrake
2019,19,Shallow,Lady GagaandBradley Cooper
2019,20,Better,Khalid
2019,21,No Guidance,Chris BrownfeaturingDrake
2019,22,Girls Like You,Maroon 5featuringCardi B
2019,23,Sweet but Psycho,Ava Max
2019,24,Suge,DaBaby
2019,25,Middle Child,J. Cole
2019,26,Drip Too Hard,Lil BabyandGunna
2019,27,Someone You Loved,Lewis Capaldi
2019,28,Ransom,Lil Tecca
2019,29,If I Can't Have You,Shawn Mendes
2019,30,Goodbyes,Post MalonefeaturingYoung Thug
2019,31,Zeze,Kodak BlackfeaturingTravis ScottandOffset
2019,32,Better Now,Post Malone
2019,33,Youngblood,5 Seconds of Summer
2019,34,Money in the Grave,DrakefeaturingRick Ross
2019,35,Speechless,Dan + Shay
2019,36,"Break Up with Your Girlfriend, I'm Bored",Ariana Grande
2019,37,Please Me,Cardi BandBruno Mars
2019,38,Money,Cardi B
2019,39,You Need to Calm Down,Taylor Swift
2019,40,Panini,Lil Nas X
2019,41,Look Back at It,A Boogie wit da Hoodie
2019,42,A Lot,21 Savage
2019,43,Me!,Taylor SwiftfeaturingBrendon Urie
2019,44,Mia,Bad BunnyfeaturingDrake
2019,45,Pop Out,Polo GfeaturingLil Tjay
2019,46,Beautiful Crazy,Luke Combs
2019,47,Thotiana,Blueface
2019,48,Lucid Dreams,Juice Wrld
2019,49,Mo Bamba,Sheck Wes
2019,50,Beautiful People,Ed SheeranfeaturingKhalid
2019,51,Wake Up in the Sky,"Gucci Mane,Bruno MarsandKodak Black"
2019,52,Whiskey Glasses,Morgan Wallen
2019,53,God's Country,Blake Shelton
2019,54,Be Alright,Dean Lewis
2019,55,Pure Water,MustardandMigos
2019,56,The Git Up,Blanco Brown
2019,57,Taki Taki,"DJ SnakefeaturingSelena Gomez,OzunaandCardi B"
2019,58,Close to Me,Ellie GouldingandDiplofeaturingSwae Lee
2019,59,Envy Me,Calboy
2019,60,You Say,Lauren Daigle
2019,61,"Hey Look Ma, I Made It",Panic! at the Disco
2019,62,Circles,Post Malone
2019,63,Beer Never Broke My Heart,Luke Combs
2019,64,The London,"Young Thug,J. ColeandTravis Scott"
2019,65,Con Calma,Daddy YankeeandKaty PerryfeaturingSnow
2019,66,Murder on My Mind,YNW Melly
2019,67,When the Party's Over,Billie Eilish
2019,68,Act Up,City Girls
2019,69,I Like It,"Cardi B,Bad BunnyandJ Balvin"
2019,70,Trampoline,Shaed
2019,71,Leave Me Alone,Flipp Dinero
2019,72,Breathin,Ariana Grande
2019,73,Bury a Friend,Billie Eilish
2019,74,Close Friends,Lil Baby
2019,75,Baby Shark,Pinkfong
2019,76,My Type,Saweetie
2019,77,Worth It,YK Osiris
2019,78,Only Human,Jonas Brothers
2019,79,Knockin' Boots,Luke Bryan
2019,80,Trip,Ella Mai
2019,81,Rumor,Lee Brice
2019,82,Swervin,A Boogie wit da Hoodiefeaturing6ix9ine
2019,83,How Do You Sleep?,Sam Smith
2019,84,Baby,Lil BabyandDaBaby
2019,85,Look What God Gave Her,Thomas Rhett
2019,86,Good as You,Kane Brown
2019,87,Clout,OffsetfeaturingCardi B
2019,88,Love Lies,KhalidandNormani
2019,89,One Thing Right,MarshmelloandKane Brown
2019,90,Cash Shit,Megan Thee StallionfeaturingDaBaby
2019,91,Tequila,Dan + Shay
2019,92,Shotta Flow,NLE Choppa
2019,93,Hot Girl Summer,Megan Thee StallionfeaturingNicki MinajandTy Dolla Sign
2019,94,Talk You Out of It,Florida Georgia Line
2019,95,Beautiful,BazzifeaturingCamila Cabello
2019,96,Eyes on You,Chase Rice
2019,97,All to Myself,Dan + Shay
2019,98,Boyfriend,Ariana GrandeandSocial House
2019,99,Walk Me Home,Pink
2019,100,Robbery,Juice Wrld
2020,1,Blinding Lights,The Weeknd
2020,2,Circles,Post Malone
2020,3,The Box,Roddy Ricch
2020,4,Don't Start Now,Dua Lipa
2020,5,Rockstar,DaBabyfeaturingRoddy Ricch
2020,6,Adore You,Harry Styles
2020,7,Life Is Good,FuturefeaturingDrake
2020,8,Memories,Maroon 5
2020,9,The Bones,Maren Morris
2020,10,Someone You Loved,Lewis Capaldi
2020,11,Say So,Doja Cat
2020,12,I Hope,Gabby BarrettfeaturingCharlie Puth
2020,13,Whats Poppin,"Jack HarlowfeaturingDaBaby,Tory LanezandLil Wayne"
2020,14,Dance Monkey,Tones and I
2020,15,Savage,Megan Thee StallionfeaturingBeyoncé
2020,16,Roxanne,Arizona Zervas
2020,17,Intentions,Justin BieberfeaturingQuavo
2020,18,Everything I Wanted,Billie Eilish
2020,19,Roses (Imanbek remix),Saint Jhn
2020,20,Watermelon Sugar,Harry Styles
2020,21,Before You Go,Lewis Capaldi
2020,22,Falling,Trevor Daniel
2020,23,"10,000 Hours",Dan + ShayandJustin Bieber
2020,24,WAP,Cardi BfeaturingMegan Thee Stallion
2020,25,Ballin',MustardandRoddy Ricch
2020,26,Hot Girl Bummer,Blackbear
2020,27,Blueberry Faygo,Lil Mosey
2020,28,Heartless,The Weeknd
2020,29,Bop,DaBaby
2020,30,Lose You to Love Me,Selena Gomez
2020,31,Good as Hell,Lizzo
2020,32,Toosie Slide,Drake
2020,33,Break My Heart,Dua Lipa
2020,34,Chasin' You,Morgan Wallen
2020,35,Savage Love (Laxed – Siren Beat),Jawsh 685andJason Derulo
2020,36,No Guidance,Chris BrownfeaturingDrake
2020,37,My Oh My,Camila CabellofeaturingDaBaby
2020,38,Dynamite,BTS
2020,39,Go Crazy,Chris BrownandYoung Thug
2020,40,High Fashion,Roddy RicchfeaturingMustard
2020,41,Laugh Now Cry Later,DrakefeaturingLil Durk
2020,42,Woah,Lil Baby
2020,43,Death Bed,PowfufeaturingBeabadoobee
2020,44,Señorita,Shawn MendesandCamila Cabello
2020,45,Highest in the Room,Travis Scott
2020,46,Bad Guy,Billie Eilish
2020,47,Mood,24kGoldnfeaturingIann Dior
2020,48,Rain on Me,Lady GagaandAriana Grande
2020,49,For the Night,Pop SmokefeaturingLil BabyandDaBaby
2020,50,Ritmo (Bad Boys for Life),Black Eyed PeasandJ Balvin
2020,51,Heart on Ice,Rod Wave
2020,52,Nobody but You,Blake SheltonandGwen Stefani
2020,53,Trampoline,Shaed
2020,54,Come & Go,Juice WrldandMarshmello
2020,55,Truth Hurts,Lizzo
2020,56,If the World Was Ending,JP SaxefeaturingJulia Michaels
2020,57,We Paid,Lil Babyand42 Dugg
2020,58,Yummy,Justin Bieber
2020,59,One Man Band,Old Dominion
2020,60,Got What I Got,Jason Aldean
2020,61,Sunday Best,Surfaces
2020,62,Godzilla,EminemfeaturingJuice Wrld
2020,63,Bandit,Juice WrldandYoungBoy Never Broke Again
2020,64,Party Girl,StaySolidRocky
2020,65,Die from a Broken Heart,Maddie & Tae
2020,66,Popstar,DJ KhaledfeaturingDrake
2020,67,All I Want for Christmas Is You,Mariah Carey
2020,68,One of Them Girls,Lee Brice
2020,69,Hard to Forget,Sam Hunt
2020,70,One Margarita,Luke Bryan
2020,71,Panini,Lil Nas X
2020,72,Hot,Young ThugfeaturingGunna
2020,73,I Hope You're Happy Now,Carly PearceandLee Brice
2020,74,Emotionally Scarred,Lil Baby
2020,75,Suicidal,YNW MellyfeaturingJuice Wrld
2020,76,The Bigger Picture,Lil Baby
2020,77,Only Human,Jonas Brothers
2020,78,The Woo,Pop Smokefeaturing50 CentandRoddy Ricch
2020,79,Sum 2 Prove,Lil Baby
2020,80,Stuck with U,Ariana GrandeandJustin Bieber
2020,81,Mood Swings,Pop SmokefeaturingLil Tjay
2020,82,You Should Be Sad,Halsey
2020,83,Dior,Pop Smoke
2020,84,Supalonely,BeneefeaturingGus Dapperton
2020,85,Even Though I'm Leaving,Luke Combs
2020,86,The Scotts,The Scotts (Travis ScottandKid Cudi)
2020,87,Juicy,Doja CatandTyga
2020,88,Be Like That,"Kane Brown,Swae LeeandKhalid"
2020,89,Homesick,Kane Brown
2020,90,Rags2Riches,Rod Wavefeaturing ATR Son Son
2020,91,Bluebird,Miranda Lambert
2020,92,Wishing Well,Juice Wrld
2020,93,Does to Me,Luke CombsfeaturingEric Church
2020,94,Pussy Fairy (OTW),Jhené Aiko
2020,95,ILY (I Love You Baby),Surf Mesafeaturing Emilee
2020,96,More Than My Hometown,Morgan Wallen
2020,97,Lovin' on You,Luke Combs
2020,98,Said Sum,Moneybagg Yo
2020,99,Slide,H.E.R.featuringYG
2020,100,Walk Em Down,NLE ChoppafeaturingRoddy Ricch
